cliente_id,idade,renda_mensal,tempo_relacionamento_meses,uso_limite,inadimplente,canal,gasto_mensal,data_referencia
CLI-0001,57,4793.8,233,0.2111,0,app,1529.91,2026-06-01
CLI-0002,49,7273.55,161,0.5882,0,app,2003.88,2026-02-01
CLI-0003,60,4320.1,201,0.6012,0,agencia,1370.72,2026-05-01
CLI-0004,62,11164.6,144,0.222,0,app,2312.04,2025-11-01
CLI-0005,28,4729.6,216,0.565,0,app,1365.17,2026-03-01
CLI-0006,31,11823.46,136,0.1609,0,app,2406.2,2025-12-01
CLI-0007,37,6498.31,68,0.2556,0,agencia,2109.03,2025-01-01
CLI-0008,65,5496.54,168,0.2905,0,telefone,1352.94,2025-10-01
CLI-0009,60,4321.67,25,0.1357,0,app,881.92,2025-09-01
CLI-0010,63,1922.27,102,0.8353,0,telefone,1362.25,2026-02-01
CLI-0011,71,3971.19,229,0.7283,0,agencia,1822.53,2026-02-01
CLI-0012,56,3254.96,119,0.2628,0,agencia,1047.71,2025-11-01
CLI-0013,67,4115.04,88,0.3592,0,telefone,1089.62,2026-03-01
CLI-0014,23,6534.64,188,0.0612,0,telefone,1648.63,2025-06-01
CLI-0015,43,2532.5,183,0.6309,0,app,1091.18,2025-04-01
CLI-0016,50,3355.14,201,0.484,0,app,722.48,2025-10-01
CLI-0017,28,3235.0,125,0.28,0,telefone,1258.4,2026-05-01
CLI-0018,23,3760.13,116,0.3629,0,app,1016.94,2025-04-01
CLI-0019,50,4545.11,42,0.348,0,app,850.66,2025-04-01
CLI-0020,56,3765.86,97,0.5717,0,telefone,1337.44,2026-02-01
CLI-0021,69,2587.28,91,0.63,0,app,1022.26,2025-01-01
CLI-0022,64,3640.02,222,0.4858,0,app,1043.49,2026-03-01
CLI-0023,60,2378.6,124,0.1878,0,app,996.02,2025-11-01
CLI-0024,63,3083.78,28,0.4258,0,app,1326.68,2026-04-01
CLI-0025,54,3361.15,233,0.4563,0,telefone,1088.94,2026-04-01
CLI-0026,20,5384.98,92,0.3293,0,app,1116.12,2025-10-01
CLI-0027,22,4782.25,161,0.3014,0,telefone,1599.75,2026-02-01
CLI-0028,27,3420.29,238,0.293,0,app,1228.85,2026-05-01
CLI-0029,66,4696.84,86,0.0984,0,app,1175.82,2026-03-01
CLI-0030,49,6217.23,226,0.1827,0,app,1706.75,2026-06-01
CLI-0031,53,1964.49,222,0.3557,0,app,928.96,2025-02-01
CLI-0032,69,2583.98,140,0.6748,0,app,893.27,2025-09-01
CLI-0033,55,6960.8,218,0.363,0,app,2181.77,2025-06-01
CLI-0034,40,1807.32,89,0.6703,0,app,781.55,2025-05-01
CLI-0035,21,4409.22,113,0.2457,0,agencia,1317.85,2025-05-01
CLI-0036,51,4096.68,28,0.3171,0,app,1518.19,2025-06-01
CLI-0037,41,13824.87,177,0.2925,0,agencia,2753.85,2026-03-01
CLI-0038,26,3356.02,173,0.2872,0,agencia,892.86,2025-09-01
CLI-0039,65,3158.97,46,0.2885,0,app,902.41,2025-01-01
CLI-0040,44,5119.11,89,0.6775,0,app,1679.69,2025-05-01
CLI-0041,47,3403.79,38,0.3279,0,telefone,1518.24,2026-02-01
CLI-0042,46,1945.58,84,0.2069,0,app,1090.63,2025-09-01
CLI-0043,69,2625.76,29,0.4726,0,app,1402.36,2025-12-01
CLI-0044,62,1156.73,155,0.2426,0,app,1071.66,2026-01-01
CLI-0045,42,4007.78,159,0.3738,0,app,1606.25,2026-01-01
CLI-0046,21,1188.04,112,0.549,0,app,1451.78,2025-03-01
CLI-0047,20,3071.86,65,0.3844,0,telefone,1241.01,2025-03-01
CLI-0048,24,1501.05,178,0.5829,1,app,941.77,2025-07-01
CLI-0049,49,2076.72,49,0.6485,0,app,723.02,2026-02-01
CLI-0050,41,3858.1,169,0.4215,0,app,1594.47,2025-06-01
CLI-0051,58,4343.19,94,0.6178,0,telefone,2265.47,2025-11-01
CLI-0052,67,4733.88,117,0.4745,0,agencia,2106.57,2026-01-01
CLI-0053,62,3644.21,42,0.3586,0,app,1280.57,2025-06-01
CLI-0054,56,2463.16,170,0.0995,0,app,790.01,2025-03-01
CLI-0055,63,3515.22,52,0.2861,0,app,1188.15,2025-12-01
CLI-0056,72,4955.18,150,0.5758,0,agencia,1153.85,2026-01-01
CLI-0057,34,4283.4,65,0.3027,0,telefone,1942.02,2025-05-01
CLI-0058,62,5228.39,73,0.3485,0,app,1544.09,2025-03-01
CLI-0059,69,5477.37,185,0.4277,0,agencia,1163.17,2026-05-01
CLI-0060,72,2036.75,194,0.3792,0,agencia,663.97,2025-12-01
CLI-0061,53,6482.72,224,0.3958,0,agencia,1469.77,2025-01-01
CLI-0062,67,2421.6,133,0.4782,0,telefone,741.16,2025-09-01
CLI-0063,20,7215.62,134,0.0808,0,app,2559.83,2025-01-01
CLI-0064,70,3200.86,167,0.3943,0,app,1042.17,2025-10-01
CLI-0065,72,2953.2,152,0.7267,0,telefone,893.71,2026-01-01
CLI-0066,20,6314.83,93,0.6006,0,app,1294.59,2025-03-01
CLI-0067,60,2454.55,87,0.4696,1,app,1785.42,2025-07-01
CLI-0068,27,8427.82,137,0.4064,0,app,1892.34,2025-05-01
CLI-0069,20,2782.28,75,0.6411,0,app,1174.48,2025-01-01
CLI-0070,19,4209.47,32,0.3414,0,telefone,647.87,2026-06-01
CLI-0071,38,6316.1,198,0.0671,0,telefone,1504.77,2025-09-01
CLI-0072,60,3701.84,218,0.494,0,app,1236.56,2026-03-01
CLI-0073,56,1685.81,110,0.4058,0,telefone,857.79,2025-10-01
CLI-0074,43,4797.11,83,0.4035,0,agencia,1434.42,2025-09-01
CLI-0075,34,7395.2,168,0.5484,0,app,2146.83,2025-04-01
CLI-0076,28,3818.61,193,0.1299,0,app,873.73,2025-02-01
CLI-0077,50,2411.64,12,0.1302,0,app,944.07,2025-10-01
CLI-0078,39,4553.52,78,0.4304,0,app,1519.12,2025-05-01
CLI-0079,71,6837.2,34,0.301,0,app,1565.64,2025-09-01
CLI-0080,25,2842.84,194,0.4704,0,agencia,1080.64,2025-03-01
CLI-0081,55,11862.8,228,0.3101,0,app,1929.09,2026-06-01
CLI-0082,23,2058.36,64,0.4992,0,agencia,683.15,2026-03-01
CLI-0083,72,2512.9,144,0.3062,0,agencia,1138.14,2026-05-01
CLI-0084,21,3345.95,96,0.6785,0,app,1478.52,2026-03-01
CLI-0085,43,16234.67,134,0.3304,0,app,3107.53,2025-08-01
CLI-0086,60,1597.69,87,0.382,0,app,1200.26,2026-05-01
CLI-0087,55,8242.99,60,0.0734,0,agencia,1777.89,2025-11-01
CLI-0088,32,5098.09,131,0.3066,0,app,1604.46,2026-01-01
CLI-0089,26,3528.59,36,0.702,1,agencia,1711.94,2025-12-01
CLI-0090,25,3817.85,170,0.5669,1,app,993.01,2025-07-01
CLI-0091,36,5522.75,216,0.5724,0,app,952.59,2026-04-01
CLI-0092,19,12126.81,129,0.2504,0,app,2566.24,2025-10-01
CLI-0093,45,12290.48,222,0.4287,0,app,4011.21,2025-10-01
CLI-0094,23,3898.8,79,0.3675,0,app,879.78,2025-03-01
CLI-0095,22,3902.39,113,0.2574,0,telefone,826.25,2025-09-01
CLI-0096,36,7698.32,82,0.5843,0,app,2098.39,2025-05-01
CLI-0097,55,8421.38,27,0.2291,0,app,2143.54,2025-11-01
CLI-0098,65,3872.73,171,0.2426,0,app,1452.68,2025-03-01
CLI-0099,21,6013.63,226,0.1327,0,app,2009.64,2025-09-01
CLI-0100,40,3461.69,33,0.2772,0,app,663.35,2026-04-01
CLI-0101,48,5129.22,72,0.098,0,app,1511.48,2025-03-01
CLI-0102,41,3783.78,108,0.377,0,app,1608.77,2025-10-01
CLI-0103,43,5831.83,234,0.5779,0,telefone,2644.43,2025-08-01
CLI-0104,61,12530.69,220,0.3116,0,app,3011.26,2025-02-01
CLI-0105,66,17363.01,52,0.4547,0,app,3915.66,2025-05-01
CLI-0106,58,6249.06,33,0.3072,0,app,1697.94,2025-09-01
CLI-0107,42,4711.31,124,0.1903,0,app,1604.11,2026-05-01
CLI-0108,69,5088.7,86,0.5393,0,agencia,1891.49,2025-08-01
CLI-0109,43,5328.71,29,0.264,0,app,1687.53,2025-06-01
CLI-0110,22,2368.26,25,0.5139,0,app,710.72,2026-06-01
CLI-0111,36,3436.43,236,0.41,0,app,1777.61,2025-12-01
CLI-0112,19,6016.84,112,0.5744,0,app,2442.07,2026-06-01
CLI-0113,34,4405.47,191,0.5027,0,app,1461.87,2025-07-01
CLI-0114,56,4164.62,121,0.2341,0,app,1205.23,2026-04-01
CLI-0115,72,7585.19,125,0.5552,0,app,2043.83,2025-10-01
CLI-0116,29,1528.27,48,0.7182,1,app,897.23,2025-06-01
CLI-0117,32,5084.7,118,0.6649,0,app,1648.53,2025-03-01
CLI-0118,45,2003.26,193,0.0771,0,app,1649.7,2025-04-01
CLI-0119,65,6287.75,118,0.4901,0,app,1788.43,2026-02-01
CLI-0120,19,4470.52,214,0.4863,0,app,1119.32,2025-01-01
CLI-0121,29,4883.77,120,0.3242,0,app,1091.43,2025-10-01
CLI-0122,46,2991.29,80,0.5759,1,app,1019.51,2025-03-01
CLI-0123,26,2503.27,158,0.4981,0,app,822.42,2025-05-01
CLI-0124,66,5658.41,86,0.1221,0,agencia,1321.5,2025-08-01
CLI-0125,43,6452.08,232,0.5986,0,app,2113.98,2025-09-01
CLI-0126,67,2570.93,19,0.1377,0,telefone,1193.06,2025-12-01
CLI-0127,68,3731.59,23,0.5699,0,app,1396.01,2026-06-01
CLI-0128,60,3535.46,194,0.3561,0,telefone,1086.91,2025-03-01
CLI-0129,66,6087.32,182,0.0846,0,app,1651.61,2026-04-01
CLI-0130,53,4744.09,88,0.1773,0,agencia,901.37,2026-01-01
CLI-0131,67,2493.9,236,0.3362,0,app,1384.77,2025-05-01
CLI-0132,72,3433.05,105,0.664,0,app,1587.63,2026-04-01
CLI-0133,51,7762.3,34,0.9047,0,agencia,2576.44,2025-03-01
CLI-0134,68,4220.4,161,0.2454,0,agencia,1122.5,2025-02-01
CLI-0135,50,3149.14,197,0.3654,0,app,740.88,2025-05-01
CLI-0136,61,2612.81,145,0.4002,0,app,1354.21,2025-08-01
CLI-0137,22,4468.74,233,0.4375,0,app,1467.58,2025-12-01
CLI-0138,59,6038.93,220,0.3791,0,agencia,1789.29,2025-08-01
CLI-0139,70,3247.98,3,0.5695,0,app,834.91,2025-03-01
CLI-0140,68,3710.07,28,0.6304,0,app,1443.54,2025-09-01
CLI-0141,26,2468.96,188,0.2329,0,app,687.53,2025-08-01
CLI-0142,66,2595.44,2,0.4531,0,app,915.66,2025-10-01
CLI-0143,44,2681.19,33,0.4563,0,agencia,1870.01,2026-03-01
CLI-0144,52,4079.32,103,0.224,0,telefone,1359.83,2026-01-01
CLI-0145,23,6484.61,68,0.552,0,agencia,1470.63,2025-05-01
CLI-0146,63,5345.9,234,0.3879,0,telefone,899.9,2025-11-01
CLI-0147,52,4704.41,14,0.3954,0,app,1014.11,2025-08-01
CLI-0148,47,3230.04,160,0.0794,0,app,1222.54,2025-08-01
CLI-0149,49,6956.9,120,0.7826,0,app,2273.92,2025-07-01
CLI-0150,48,2343.96,56,0.4786,0,app,902.86,2026-05-01
CLI-0151,58,2739.89,96,0.3281,0,app,978.69,2025-01-01
CLI-0152,46,3010.98,128,0.2336,0,agencia,449.08,2025-02-01
CLI-0153,22,4668.94,128,0.2614,0,app,978.15,2026-04-01
CLI-0154,51,6092.97,56,0.2676,0,app,1411.98,2025-06-01
CLI-0155,28,1673.67,103,0.3403,0,telefone,1050.74,2025-12-01
CLI-0156,51,4695.1,81,0.6514,0,app,1938.82,2025-07-01
CLI-0157,36,5815.81,118,0.57,0,app,1904.98,2026-03-01
CLI-0158,44,3441.82,199,0.3736,0,app,480.28,2025-05-01
CLI-0159,71,9277.05,87,0.3729,0,app,2321.83,2025-10-01
CLI-0160,51,2097.89,28,0.4087,0,app,1069.95,2025-02-01
CLI-0161,27,2205.58,122,0.2178,0,app,249.81,2025-07-01
CLI-0162,30,5050.21,234,0.2647,0,agencia,1953.93,2025-05-01
CLI-0163,59,1305.63,225,0.126,0,agencia,605.58,2025-09-01
CLI-0164,36,3367.24,59,0.6399,0,app,1774.86,2025-11-01
CLI-0165,63,1891.84,110,0.7113,0,telefone,1055.77,2025-10-01
CLI-0166,63,1621.16,174,0.7621,0,agencia,1365.79,2025-11-01
CLI-0167,20,9531.86,80,0.2866,0,agencia,1875.17,2025-10-01
CLI-0168,21,2854.37,55,0.9317,0,telefone,1486.25,2026-06-01
CLI-0169,45,6780.13,195,0.5814,0,app,2248.34,2025-01-01
CLI-0170,61,4135.95,177,0.3401,0,app,1883.48,2025-08-01
CLI-0171,56,3132.36,166,0.2547,0,agencia,1688.14,2025-04-01
CLI-0172,56,1881.76,197,0.039,0,app,340.4,2025-04-01
CLI-0173,35,1108.71,72,0.2207,0,agencia,283.28,2025-07-01
CLI-0174,31,1606.97,146,0.7932,0,telefone,1963.83,2025-05-01
CLI-0175,31,11069.63,164,0.3573,0,app,2027.68,2025-06-01
CLI-0176,29,5123.51,22,0.1812,0,telefone,1951.45,2026-03-01
CLI-0177,23,1704.33,240,0.3263,0,app,984.89,2025-08-01
CLI-0178,40,3166.0,228,0.3634,0,app,1738.23,2026-04-01
CLI-0179,55,2230.95,178,0.6487,0,agencia,1191.7,2025-02-01
CLI-0180,31,7427.06,140,0.1322,0,telefone,1559.74,2025-12-01
CLI-0181,22,6799.03,183,0.3985,1,telefone,1306.36,2025-06-01
CLI-0182,60,3510.99,88,0.3746,0,app,530.77,2025-10-01
CLI-0183,69,6435.54,79,0.2122,0,agencia,1197.73,2025-05-01
CLI-0184,61,5892.04,85,0.2221,0,app,1806.9,2025-09-01
CLI-0185,56,1374.04,191,0.1924,1,app,-112.57,2026-05-01
CLI-0186,72,2492.7,216,0.6123,0,app,1213.1,2025-11-01
CLI-0187,26,4702.42,105,0.2775,0,app,1532.76,2026-01-01
CLI-0188,60,6066.43,207,0.3964,0,app,1930.55,2025-06-01
CLI-0189,61,1174.29,193,0.1628,0,app,-545.04,2025-08-01
CLI-0190,67,5462.53,194,0.2213,0,agencia,1521.77,2025-04-01
CLI-0191,41,5090.44,149,0.089,0,agencia,930.66,2026-05-01
CLI-0192,67,2917.64,65,0.6779,0,app,1274.74,2025-02-01
CLI-0193,36,5608.13,115,0.5633,0,agencia,1947.39,2025-07-01
CLI-0194,44,8516.21,30,0.2898,0,agencia,2725.43,2026-04-01
CLI-0195,48,3881.5,132,0.6371,0,agencia,1528.25,2025-01-01
CLI-0196,44,2881.1,68,0.171,0,agencia,788.43,2026-03-01
CLI-0197,52,2553.76,109,0.3484,0,app,385.98,2025-10-01
CLI-0198,53,3586.57,234,0.446,0,app,1524.04,2025-03-01
CLI-0199,25,2681.22,42,0.8246,0,app,1355.95,2025-07-01
CLI-0200,20,1842.08,73,0.0867,0,agencia,557.79,2025-04-01
CLI-0201,22,3881.66,150,0.0199,0,app,752.8,2025-02-01
CLI-0202,71,5018.36,153,0.1912,0,app,1537.49,2025-06-01
CLI-0203,34,5128.58,153,0.4167,0,app,1256.01,2026-05-01
CLI-0204,32,2509.36,209,0.2738,0,agencia,932.09,2025-11-01
CLI-0205,58,6507.5,8,0.4649,0,app,2096.27,2025-02-01
CLI-0206,38,3693.77,3,0.2931,0,app,1204.53,2025-11-01
CLI-0207,57,5341.24,144,0.4719,0,telefone,1738.69,2026-03-01
CLI-0208,72,6019.34,238,0.1336,0,app,1510.26,2025-07-01
CLI-0209,20,3489.87,215,0.8851,0,app,1688.76,2026-03-01
CLI-0210,44,4605.0,175,0.4131,0,app,1578.34,2026-06-01
CLI-0211,33,2483.23,163,0.1061,0,app,1109.27,2025-04-01
CLI-0212,42,2461.37,101,0.2652,0,agencia,793.7,2025-04-01
CLI-0213,57,6042.25,146,0.4371,0,app,1324.34,2025-07-01
CLI-0214,48,6785.12,59,0.4469,0,telefone,1303.61,2025-10-01
CLI-0215,64,5749.73,135,0.3552,0,app,1610.14,2026-06-01
CLI-0216,69,2246.82,35,0.5208,0,app,1440.76,2026-03-01
CLI-0217,19,2865.4,131,0.3143,0,app,1391.29,2025-04-01
CLI-0218,52,8190.17,46,0.4626,0,app,1020.32,2025-04-01
CLI-0219,57,2892.2,205,0.2832,0,telefone,1263.13,2025-05-01
CLI-0220,41,6644.38,40,0.4398,0,app,1791.56,2025-11-01
CLI-0221,20,6743.12,146,0.1675,0,agencia,1822.37,2025-04-01
CLI-0222,24,4583.43,82,0.3231,0,app,1971.79,2025-04-01
CLI-0223,54,7302.88,214,0.278,0,agencia,2163.93,2025-11-01
CLI-0224,59,1498.77,165,0.5136,0,agencia,845.81,2025-07-01
CLI-0225,24,3377.67,236,0.211,0,app,140.7,2025-12-01
CLI-0226,66,7443.52,44,0.2972,0,agencia,1543.02,2025-02-01
CLI-0227,63,4517.08,180,0.3112,0,app,1347.95,2025-07-01
CLI-0228,50,5810.8,47,0.5487,0,telefone,1726.75,2025-12-01
CLI-0229,41,4960.25,97,0.6666,0,app,1208.31,2026-05-01
CLI-0230,60,1203.07,96,0.5443,0,app,1137.29,2025-12-01
CLI-0231,54,7063.78,145,0.5169,0,app,2181.7,2026-01-01
CLI-0232,44,7717.96,202,0.4228,0,app,1522.05,2026-01-01
CLI-0233,68,2037.41,166,0.7085,0,agencia,1796.75,2025-10-01
CLI-0234,45,3726.34,20,0.1547,0,app,1214.96,2026-05-01
CLI-0235,47,1869.25,237,0.4919,0,app,839.59,2026-02-01
CLI-0236,54,6701.41,50,0.8004,1,agencia,1591.42,2025-06-01
CLI-0237,51,4727.64,230,0.317,0,agencia,1795.0,2026-03-01
CLI-0238,44,2246.2,30,0.6358,0,telefone,1238.62,2025-04-01
CLI-0239,19,5466.44,224,0.6238,0,app,2219.6,2025-02-01
CLI-0240,49,3090.34,70,0.1772,0,app,497.96,2025-05-01
CLI-0241,66,1380.45,106,0.332,0,app,761.53,2025-08-01
CLI-0242,59,2435.04,235,0.0416,0,app,1047.72,2025-05-01
CLI-0243,50,4047.05,190,0.1686,0,app,1198.6,2026-04-01
CLI-0244,58,3049.85,44,0.5405,0,telefone,1443.68,2026-02-01
CLI-0245,69,3023.05,192,0.6322,0,app,1184.84,2025-10-01
CLI-0246,62,4064.02,31,0.2915,0,agencia,685.91,2025-08-01
CLI-0247,45,8165.94,204,0.3367,0,app,2086.76,2025-07-01
CLI-0248,69,5246.66,171,0.3101,0,app,1523.71,2026-03-01
CLI-0249,43,4163.24,59,0.1709,0,app,948.84,2025-05-01
CLI-0250,20,4277.75,150,0.5319,0,app,1696.31,2025-12-01
CLI-0251,20,2159.46,23,0.3697,0,app,884.19,2025-02-01
CLI-0252,24,4522.48,170,0.1526,0,app,926.98,2025-06-01
CLI-0253,57,3232.08,210,0.2606,0,app,1114.39,2025-07-01
CLI-0254,72,2634.39,25,0.3912,0,agencia,635.87,2025-05-01
CLI-0255,23,3237.56,231,0.4043,0,telefone,1334.19,2025-03-01
CLI-0256,72,4527.63,147,0.2215,0,agencia,1571.43,2025-08-01
CLI-0257,68,5511.09,9,0.2263,0,app,1185.0,2025-10-01
CLI-0258,25,4223.41,49,0.494,0,app,1053.42,2025-10-01
CLI-0259,22,4284.99,163,0.2171,0,app,1548.92,2025-12-01
CLI-0260,27,1601.49,165,0.5274,1,app,1389.19,2025-01-01
CLI-0261,34,2993.5,17,0.6248,0,app,996.61,2025-09-01
CLI-0262,36,1942.85,51,0.5877,0,app,1062.54,2025-09-01
CLI-0263,45,6747.19,135,0.2552,0,app,2273.35,2025-12-01
CLI-0264,63,1695.05,177,0.3117,0,app,1632.72,2026-05-01
CLI-0265,35,3786.46,231,0.6863,1,app,1387.52,2026-04-01
CLI-0266,66,5095.45,235,0.5754,0,app,888.01,2025-03-01
CLI-0267,36,3048.63,11,0.4875,0,app,1844.14,2025-02-01
CLI-0268,66,4508.09,9,0.1275,0,app,1794.32,2025-06-01
CLI-0269,35,4132.6,62,0.4083,1,app,1634.49,2026-02-01
CLI-0270,41,2813.0,238,0.7397,0,agencia,454.9,2025-04-01
CLI-0271,30,4984.44,94,0.3502,1,app,1301.59,2025-01-01
CLI-0272,70,3644.31,140,0.545,0,app,1250.76,2026-03-01
CLI-0273,53,1685.83,68,0.578,0,app,1096.74,2025-12-01
CLI-0274,65,4747.31,22,0.8112,0,agencia,2116.15,2025-07-01
CLI-0275,31,3105.45,66,0.3036,0,agencia,573.85,2026-02-01
CLI-0276,26,7220.3,186,0.5659,0,app,2025.35,2026-03-01
CLI-0277,63,7294.57,130,0.4275,0,agencia,2121.68,2026-06-01
CLI-0278,20,2750.19,219,0.4888,1,app,924.97,2026-05-01
CLI-0279,53,9572.95,188,0.2753,0,telefone,1880.06,2025-08-01
CLI-0280,54,2751.95,35,0.1866,0,telefone,1469.49,2026-02-01
CLI-0281,51,5516.98,107,0.2576,0,agencia,2019.49,2026-02-01
CLI-0282,38,1615.72,68,0.3373,1,app,468.96,2025-02-01
CLI-0283,65,6492.33,11,0.1744,0,app,1603.89,2025-01-01
CLI-0284,54,4604.44,163,0.4739,0,agencia,1215.07,2025-05-01
CLI-0285,60,1792.75,24,0.81,0,app,592.55,2025-07-01
CLI-0286,49,3310.95,235,0.1829,0,agencia,445.59,2026-06-01
CLI-0287,60,4440.04,165,0.1947,0,app,840.35,2026-06-01
CLI-0288,40,3632.91,46,0.3663,0,app,987.57,2025-10-01
CLI-0289,45,4213.71,89,0.3558,0,agencia,1683.25,2026-06-01
CLI-0290,46,2544.93,221,0.6609,0,telefone,1697.3,2026-04-01
CLI-0291,54,3300.69,142,0.1804,0,app,1209.91,2025-11-01
CLI-0292,22,5931.05,109,0.4855,0,telefone,2125.06,2025-08-01
CLI-0293,34,3555.16,186,0.3374,0,app,1562.69,2025-05-01
CLI-0294,19,4948.63,148,0.6498,1,app,1109.93,2026-04-01
CLI-0295,67,7783.63,104,0.2076,0,app,2228.33,2026-06-01
CLI-0296,69,2889.94,179,0.3854,0,app,1147.1,2025-09-01
CLI-0297,37,4153.45,226,0.7133,0,telefone,1815.33,2025-11-01
CLI-0298,33,3913.39,139,0.1427,0,agencia,1055.46,2025-10-01
CLI-0299,62,4262.54,41,0.2606,0,agencia,2026.59,2025-05-01
CLI-0300,25,2229.59,41,0.3098,0,app,1007.9,2026-06-01
CLI-0301,62,3826.4,33,0.3924,1,app,1558.81,2026-02-01
CLI-0302,22,4235.59,191,0.7515,0,app,1445.67,2026-01-01
CLI-0303,24,4026.89,71,0.4619,0,app,1225.83,2026-04-01
CLI-0304,43,4053.57,74,0.452,0,app,428.16,2026-03-01
CLI-0305,68,4351.08,51,0.4739,0,telefone,1159.75,2025-04-01
CLI-0306,31,4840.19,32,0.349,0,app,1365.06,2026-06-01
CLI-0307,55,4379.19,55,0.3814,0,app,1125.59,2025-04-01
CLI-0308,21,5002.0,104,0.3855,0,agencia,1297.89,2026-03-01
CLI-0309,62,9097.71,171,0.5243,0,app,2082.44,2026-02-01
CLI-0310,55,5945.87,6,0.301,0,app,1737.34,2025-01-01
CLI-0311,47,3524.28,5,0.4364,0,app,1668.1,2026-06-01
CLI-0312,21,3498.22,132,0.3494,0,app,1107.52,2026-04-01
CLI-0313,50,5858.92,49,0.4187,0,app,1808.7,2026-02-01
CLI-0314,36,3376.51,233,0.1581,0,app,279.85,2025-08-01
CLI-0315,33,5070.33,180,0.3503,0,app,2340.92,2025-03-01
CLI-0316,38,10953.57,149,0.164,0,telefone,2128.12,2025-06-01
CLI-0317,23,1080.43,176,0.3439,1,telefone,1000.36,2025-07-01
CLI-0318,28,2752.11,61,0.2401,0,agencia,1769.6,2025-02-01
CLI-0319,19,4533.96,182,0.855,0,telefone,1755.75,2026-01-01
CLI-0320,68,2163.53,115,0.4414,0,app,1262.39,2025-09-01
CLI-0321,23,1420.42,78,0.3134,0,app,1164.29,2025-10-01
CLI-0322,31,7556.17,63,0.3503,0,app,2196.88,2025-04-01
CLI-0323,33,3609.59,97,0.0747,0,app,920.96,2026-04-01
CLI-0324,63,5670.76,232,0.3376,0,app,1211.03,2026-03-01
CLI-0325,21,9920.12,73,0.634,0,app,2953.61,2025-08-01
CLI-0326,42,5769.91,189,0.7813,0,app,1791.55,2025-05-01
CLI-0327,68,2712.45,226,0.6431,0,telefone,1735.17,2026-01-01
CLI-0328,67,1849.29,148,0.1227,0,telefone,1011.3,2025-11-01
CLI-0329,22,3291.13,80,0.6781,0,app,1055.36,2025-07-01
CLI-0330,51,2101.66,19,0.2864,0,telefone,717.28,2026-02-01
CLI-0331,22,1740.57,123,0.2858,0,app,254.02,2026-04-01
CLI-0332,66,16689.4,168,0.2365,0,telefone,3047.17,2025-01-01
CLI-0333,46,5307.95,211,0.4011,0,agencia,1903.38,2026-01-01
CLI-0334,36,3939.47,64,0.2243,0,app,1861.23,2025-02-01
CLI-0335,35,3693.22,49,0.9495,0,app,1218.73,2026-03-01
CLI-0336,24,6294.58,117,0.3534,0,telefone,1978.79,2025-12-01
CLI-0337,19,1593.41,25,0.6597,0,app,1098.14,2026-04-01
CLI-0338,65,6987.09,221,0.1281,0,app,1200.05,2025-07-01
CLI-0339,66,4506.47,45,0.154,0,telefone,987.79,2025-12-01
CLI-0340,38,4525.74,4,0.3489,0,app,1199.28,2026-06-01
CLI-0341,68,3827.0,1,0.3679,0,agencia,655.34,2026-05-01
CLI-0342,48,7237.04,89,0.4888,0,telefone,1753.38,2026-04-01
CLI-0343,60,5764.14,98,0.4142,0,app,1408.94,2025-05-01
CLI-0344,42,6161.35,153,0.354,0,app,1987.1,2026-02-01
CLI-0345,63,3246.63,216,0.2022,0,app,444.7,2025-09-01
CLI-0346,69,2533.56,98,0.6681,1,app,967.45,2026-03-01
CLI-0347,70,3916.26,154,0.2227,0,app,851.47,2026-01-01
CLI-0348,54,4148.1,155,0.0633,0,app,1094.7,2025-04-01
CLI-0349,32,11141.62,6,0.3306,0,app,2247.17,2026-03-01
CLI-0350,67,2558.14,14,0.5227,0,app,1239.63,2026-02-01
CLI-0351,61,4360.99,17,0.4264,0,agencia,980.33,2025-11-01
CLI-0352,41,2728.78,172,0.2332,0,app,17.22,2025-11-01
CLI-0353,72,3931.38,132,0.2041,0,app,1062.38,2026-06-01
CLI-0354,23,4064.57,56,0.3758,0,app,1371.06,2025-02-01
CLI-0355,38,2996.35,157,0.3865,0,app,964.27,2026-04-01
CLI-0356,55,2952.87,71,0.4118,0,app,889.64,2025-07-01
CLI-0357,69,6147.57,75,0.4039,0,telefone,1705.49,2025-07-01
CLI-0358,39,3869.22,158,0.3986,0,agencia,1370.66,2025-01-01
CLI-0359,40,2029.22,166,0.1342,0,app,682.69,2025-01-01
CLI-0360,42,2585.99,116,0.6094,0,app,1472.88,2025-01-01
CLI-0361,36,6486.75,4,0.6861,0,telefone,1494.4,2025-05-01
CLI-0362,35,3715.44,4,0.6426,0,app,2007.58,2025-06-01
CLI-0363,67,2161.95,113,0.7609,1,telefone,877.65,2025-01-01
CLI-0364,52,4284.09,146,0.4708,0,app,1381.08,2025-02-01
CLI-0365,44,2536.13,108,0.4623,0,app,948.05,2025-07-01
CLI-0366,29,3168.11,66,0.3184,0,agencia,1151.72,2025-01-01
CLI-0367,29,2617.43,31,0.452,0,app,395.41,2026-06-01
CLI-0368,62,5523.38,99,0.3152,0,agencia,1287.51,2026-05-01
CLI-0369,34,3358.08,102,0.4776,0,agencia,1010.23,2025-07-01
CLI-0370,58,5185.17,161,0.2848,0,app,1359.6,2026-06-01
CLI-0371,29,3673.71,224,0.2184,0,app,1649.64,2025-02-01
CLI-0372,40,1684.94,14,0.2303,0,agencia,578.05,2025-05-01
CLI-0373,20,3776.47,108,0.0925,0,app,473.55,2025-07-01
CLI-0374,58,4559.11,108,0.3235,0,agencia,1751.7,2025-04-01
CLI-0375,36,5090.89,205,0.27,0,app,1139.75,2025-05-01
CLI-0376,27,8650.09,66,0.1955,0,app,2419.95,2025-06-01
CLI-0377,21,3877.26,84,0.1114,0,app,1398.09,2025-10-01
CLI-0378,32,4803.8,72,0.1832,0,agencia,1228.24,2026-03-01
CLI-0379,19,2781.87,187,0.1657,0,agencia,1434.58,2026-03-01
CLI-0380,47,13264.09,218,0.4778,0,app,2959.34,2026-04-01
CLI-0381,21,7136.47,208,0.2492,0,agencia,2237.3,2026-04-01
CLI-0382,45,3335.87,156,0.4125,0,app,996.46,2025-12-01
CLI-0383,52,4959.73,52,0.4582,0,agencia,1705.62,2025-11-01
CLI-0384,28,6229.61,168,0.2643,0,agencia,1512.76,2025-07-01
CLI-0385,45,10485.19,48,0.1041,0,agencia,2278.67,2026-01-01
CLI-0386,30,2952.77,95,0.3233,0,agencia,860.68,2025-12-01
CLI-0387,26,7754.08,187,0.295,0,app,1768.04,2025-08-01
CLI-0388,66,4343.38,123,0.5003,0,app,1784.66,2025-05-01
CLI-0389,58,4865.25,67,0.6128,0,agencia,1083.29,2025-02-01
CLI-0390,49,1947.64,131,0.4163,0,telefone,1569.25,2025-04-01
CLI-0391,65,6657.8,161,0.1817,0,agencia,1748.8,2025-08-01
CLI-0392,59,3571.82,66,0.4757,0,app,1121.13,2025-03-01
CLI-0393,71,6314.23,111,0.696,0,app,1672.91,2025-09-01
CLI-0394,39,3192.95,20,0.5042,0,agencia,1381.23,2025-03-01
CLI-0395,45,7067.35,36,0.346,0,telefone,1871.48,2025-12-01
CLI-0396,32,6285.83,157,0.3654,0,agencia,1446.7,2025-09-01
CLI-0397,42,5493.87,134,0.3189,0,agencia,1621.5,2026-06-01
CLI-0398,23,5613.97,132,0.2466,0,app,1829.65,2026-01-01
CLI-0399,69,5481.95,77,0.2559,0,app,1191.91,2026-01-01
CLI-0400,27,2847.64,205,0.1731,0,app,776.59,2025-01-01
CLI-0401,41,2887.05,177,0.2497,0,telefone,1724.36,2025-02-01
CLI-0402,69,2239.65,6,0.3157,0,agencia,754.74,2026-06-01
CLI-0403,37,2968.31,30,0.4845,0,telefone,1423.53,2025-03-01
CLI-0404,50,5139.26,52,0.3662,0,app,1451.48,2026-06-01
CLI-0405,36,3084.65,75,0.5578,1,app,1599.96,2025-01-01
CLI-0406,26,10459.74,29,0.4566,0,agencia,1717.43,2025-04-01
CLI-0407,70,7221.93,96,0.3514,0,app,1914.3,2025-03-01
CLI-0408,22,3396.0,70,0.3337,0,agencia,570.7,2026-03-01
CLI-0409,46,5112.11,11,0.2151,0,app,1437.37,2025-03-01
CLI-0410,31,3781.18,69,0.1595,0,agencia,1327.37,2026-06-01
CLI-0411,62,3379.86,172,0.7413,0,app,1365.39,2026-05-01
CLI-0412,46,2790.05,177,0.0139,0,agencia,358.39,2025-01-01
CLI-0413,58,4033.13,210,0.5255,0,agencia,239.61,2025-05-01
CLI-0414,31,3103.43,130,0.1652,0,app,602.83,2025-05-01
CLI-0415,44,3911.29,157,0.5139,0,agencia,1983.94,2025-12-01
CLI-0416,41,3430.36,5,0.5216,0,telefone,1622.58,2025-02-01
CLI-0417,25,4293.06,60,0.1773,0,app,1476.1,2026-04-01
CLI-0418,45,4816.55,117,0.5602,0,telefone,1661.86,2025-10-01
CLI-0419,63,3247.37,198,0.3002,0,telefone,1632.56,2025-01-01
CLI-0420,19,2315.41,7,0.3662,0,agencia,802.31,2025-01-01
CLI-0421,31,1736.48,109,0.1384,0,app,606.34,2025-09-01
CLI-0422,52,4455.06,73,0.6212,0,app,1590.57,2025-12-01
CLI-0423,36,2872.29,171,0.4494,0,app,1339.29,2026-05-01
CLI-0424,26,2649.86,6,0.3463,0,agencia,901.4,2025-09-01
CLI-0425,30,13994.67,75,0.2146,0,app,3387.07,2025-03-01
CLI-0426,21,2696.4,30,0.7434,0,agencia,1475.26,2026-03-01
CLI-0427,56,2779.1,22,0.7122,1,agencia,1397.79,2025-10-01
CLI-0428,33,6199.62,194,0.1889,0,telefone,412.31,2025-03-01
CLI-0429,67,2427.08,216,0.4108,0,app,1450.43,2025-08-01
CLI-0430,71,1384.4,231,0.2399,0,app,878.91,2025-08-01
CLI-0431,40,3418.28,1,0.4918,0,telefone,871.06,2026-05-01
CLI-0432,60,8592.91,84,0.2262,0,app,2388.57,2025-11-01
CLI-0433,58,3047.27,205,0.0827,0,app,1263.81,2025-01-01
CLI-0434,60,1956.27,4,0.3471,0,app,1314.19,2025-07-01
CLI-0435,69,3116.95,189,0.4483,0,telefone,1251.36,2025-02-01
CLI-0436,72,4532.54,41,0.2463,0,app,2003.11,2025-01-01
CLI-0437,19,3511.17,87,0.2804,1,app,1395.75,2025-11-01
CLI-0438,43,5344.01,146,0.6873,0,app,2078.58,2025-09-01
CLI-0439,23,4056.14,40,0.2731,0,app,1091.57,2026-05-01
CLI-0440,61,1911.43,69,0.1444,0,agencia,1354.4,2026-03-01
CLI-0441,62,2548.48,209,0.644,0,app,1353.99,2026-02-01
CLI-0442,30,4278.81,43,0.3446,0,app,1375.92,2025-07-01
CLI-0443,27,5756.98,130,0.7908,1,app,1212.21,2025-03-01
CLI-0444,31,11232.81,194,0.5366,0,agencia,2898.36,2025-10-01
CLI-0445,35,4887.67,5,0.2454,0,app,1887.88,2025-01-01
CLI-0446,63,2739.66,180,0.4812,0,app,831.73,2025-01-01
CLI-0447,47,6113.76,87,0.2157,0,app,1508.49,2026-04-01
CLI-0448,42,2673.2,21,0.6112,0,app,1159.47,2026-01-01
CLI-0449,31,5103.53,102,0.2495,0,agencia,1817.51,2026-04-01
CLI-0450,39,6657.64,128,0.1735,0,app,1133.24,2025-04-01
CLI-0451,55,1254.58,75,0.8533,0,telefone,886.0,2026-04-01
CLI-0452,37,4345.06,92,0.343,0,telefone,628.62,2025-10-01
CLI-0453,40,2260.01,125,0.3202,0,app,1407.65,2025-10-01
CLI-0454,26,4261.72,230,0.5186,0,app,1354.65,2025-02-01
CLI-0455,28,4743.35,89,0.5546,0,app,1337.71,2025-06-01
CLI-0456,54,6296.44,112,0.3752,1,telefone,894.48,2025-09-01
CLI-0457,41,6439.43,187,0.4032,0,telefone,1355.94,2025-03-01
CLI-0458,60,4409.69,157,0.5375,0,app,1850.84,2025-06-01
CLI-0459,25,2764.56,7,0.4552,0,app,1533.54,2025-12-01
CLI-0460,46,1219.1,132,0.2402,0,app,767.85,2025-09-01
CLI-0461,43,3377.75,65,0.3015,0,app,1183.98,2025-02-01
CLI-0462,20,5945.08,131,0.5104,0,agencia,1653.26,2025-12-01
CLI-0463,47,2361.08,226,0.3588,0,app,1008.08,2026-05-01
CLI-0464,35,4314.3,3,0.6634,0,app,1515.24,2026-06-01
CLI-0465,62,3940.22,201,0.2215,0,app,1187.51,2025-06-01
CLI-0466,59,1804.01,222,0.7827,0,app,1419.44,2026-05-01
CLI-0467,46,1537.8,148,0.7476,1,app,979.88,2025-01-01
CLI-0468,31,4468.2,131,0.695,0,app,1080.72,2026-05-01
CLI-0469,34,2788.57,68,0.3799,0,agencia,1663.1,2026-01-01
CLI-0470,72,3662.62,112,0.3683,0,telefone,741.51,2025-02-01
CLI-0471,70,8672.73,189,0.222,0,app,2396.44,2025-11-01
CLI-0472,31,3101.26,124,0.654,1,app,1165.99,2026-02-01
CLI-0473,24,3495.19,185,0.3808,1,app,1044.04,2025-05-01
CLI-0474,40,7263.07,158,0.7218,0,app,1838.96,2025-08-01
CLI-0475,30,2656.06,87,0.2647,0,agencia,640.22,2026-04-01
CLI-0476,31,5121.7,229,0.3334,0,app,1573.0,2025-07-01
CLI-0477,62,1787.85,163,0.2243,0,telefone,1182.77,2026-05-01
CLI-0478,60,2598.4,149,0.0328,0,telefone,1461.34,2026-03-01
CLI-0479,54,3399.3,60,0.139,0,telefone,727.97,2025-11-01
CLI-0480,36,1749.27,210,0.7107,0,app,1543.9,2025-05-01
CLI-0481,26,4105.23,164,0.4694,0,telefone,1755.35,2026-03-01
CLI-0482,66,3787.53,2,0.3038,0,app,2046.17,2025-07-01
CLI-0483,57,5681.94,184,0.0606,0,app,1585.46,2025-05-01
CLI-0484,20,3088.5,59,0.5706,0,agencia,1238.07,2026-01-01
CLI-0485,57,5942.17,201,0.2463,0,agencia,1582.56,2025-01-01
CLI-0486,58,2232.56,197,0.2164,0,telefone,1271.12,2025-11-01
CLI-0487,46,2422.81,236,0.4216,0,app,889.9,2025-10-01
CLI-0488,36,1979.34,23,0.5553,0,app,902.84,2025-06-01
CLI-0489,20,3800.99,135,0.4044,0,app,933.37,2026-02-01
CLI-0490,65,3659.55,227,0.3723,0,app,1215.68,2025-10-01
CLI-0491,53,4718.03,7,0.4307,0,agencia,1554.18,2025-08-01
CLI-0492,66,10937.52,115,0.2055,0,app,2635.22,2025-10-01
CLI-0493,67,1916.48,211,0.1333,0,app,1024.76,2025-04-01
CLI-0494,63,3243.39,110,0.2065,0,agencia,1160.11,2026-02-01
CLI-0495,36,1485.2,134,0.5147,0,app,888.14,2025-12-01
CLI-0496,40,2449.82,5,0.3888,0,agencia,1140.45,2026-01-01
CLI-0497,33,2344.25,163,0.0745,0,app,247.32,2026-04-01
CLI-0498,42,2013.13,159,0.2429,0,app,829.58,2026-01-01
CLI-0499,66,2645.14,177,0.3116,0,app,314.34,2025-06-01
CLI-0500,52,4873.58,113,0.2439,0,app,1149.36,2025-10-01
CLI-0501,50,5202.58,72,0.2294,1,app,1860.24,2025-12-01
CLI-0502,69,4912.69,36,0.3473,0,telefone,1441.51,2025-06-01
CLI-0503,63,8832.6,107,0.7162,1,app,3201.73,2026-02-01
CLI-0504,22,7754.02,187,0.6571,0,agencia,2049.05,2025-10-01
CLI-0505,33,3439.25,60,0.074,0,app,750.72,2025-07-01
CLI-0506,65,6344.29,87,0.2096,0,app,671.75,2025-06-01
CLI-0507,29,1496.65,79,0.4187,0,app,710.29,2025-02-01
CLI-0508,25,2851.26,84,0.2168,0,agencia,915.99,2026-04-01
CLI-0509,46,2611.04,132,0.3068,0,app,569.77,2025-02-01
CLI-0510,62,5741.98,153,0.2751,0,app,1271.6,2026-01-01
CLI-0511,58,2856.41,56,0.4334,0,app,1535.57,2025-06-01
CLI-0512,59,5275.97,133,0.7332,0,app,1819.32,2026-03-01
CLI-0513,40,3309.76,101,0.4172,0,app,1997.1,2025-05-01
CLI-0514,43,3776.13,217,0.6733,0,app,1300.18,2025-11-01
CLI-0515,29,7656.88,199,0.2501,0,app,1271.2,2025-10-01
CLI-0516,24,3117.65,15,0.3104,1,agencia,1041.09,2025-07-01
CLI-0517,24,3619.35,179,0.2561,0,app,1469.38,2025-02-01
CLI-0518,43,5272.06,191,0.4968,0,agencia,1762.65,2025-12-01
CLI-0519,40,4381.07,143,0.451,0,app,894.4,2025-05-01
CLI-0520,61,4733.87,168,0.7448,0,app,1540.38,2026-04-01
CLI-0521,29,5625.85,10,0.417,0,app,1265.88,2025-09-01
CLI-0522,23,2978.19,115,0.157,0,agencia,886.5,2025-05-01
CLI-0523,23,8222.69,60,0.151,0,app,2136.1,2025-08-01
CLI-0524,29,5615.09,153,0.5582,0,agencia,1917.13,2025-10-01
CLI-0525,23,3266.21,36,0.4022,0,telefone,883.45,2025-01-01
CLI-0526,67,2359.09,150,0.6702,0,app,1609.86,2026-06-01
CLI-0527,30,4239.81,209,0.5058,0,app,744.07,2026-03-01
CLI-0528,36,5691.64,166,0.6178,0,app,1512.18,2026-06-01
CLI-0529,20,2032.81,230,0.1893,0,app,931.58,2025-02-01
CLI-0530,33,2764.47,169,0.1594,0,app,1185.64,2025-12-01
CLI-0531,20,2126.89,11,0.5273,0,telefone,1236.04,2025-04-01
CLI-0532,64,3591.09,240,0.7287,0,agencia,1195.28,2025-10-01
CLI-0533,43,3834.86,85,0.3741,0,app,1360.45,2025-02-01
CLI-0534,21,7374.95,175,0.2089,0,agencia,2138.66,2025-11-01
CLI-0535,71,3025.1,55,0.4682,0,app,688.42,2025-12-01
CLI-0536,32,8085.16,155,0.1909,0,app,2405.03,2026-06-01
CLI-0537,31,3758.09,129,0.4746,0,app,1419.39,2026-01-01
CLI-0538,38,1910.42,202,0.1073,0,agencia,381.71,2026-02-01
CLI-0539,72,4083.79,184,0.4729,0,app,696.66,2025-06-01
CLI-0540,22,2755.55,165,0.6766,0,app,722.31,2026-04-01
CLI-0541,68,5225.22,177,0.802,0,telefone,1789.8,2026-04-01
CLI-0542,19,1883.29,149,0.2078,0,app,1417.33,2026-04-01
CLI-0543,28,4801.23,87,0.5693,0,app,1254.95,2025-03-01
CLI-0544,36,2748.01,90,0.1364,0,app,1114.31,2025-06-01
CLI-0545,51,3322.05,228,0.4091,0,app,535.56,2025-02-01
CLI-0546,54,2182.44,162,0.1643,0,app,159.48,2025-02-01
CLI-0547,63,2352.65,191,0.5901,0,telefone,1092.8,2025-05-01
CLI-0548,50,5779.54,195,0.2594,0,telefone,1569.46,2025-06-01
CLI-0549,44,7126.43,214,0.4001,0,telefone,1956.05,2025-04-01
CLI-0550,61,2536.1,58,0.6199,0,agencia,1831.57,2026-04-01
CLI-0551,67,3597.78,11,0.5341,1,agencia,613.58,2025-02-01
CLI-0552,72,13686.69,128,0.7574,0,app,3013.08,2025-11-01
CLI-0553,19,4789.13,41,0.3037,0,telefone,1464.87,2025-12-01
CLI-0554,19,3620.61,78,0.6457,1,app,1824.88,2025-12-01
CLI-0555,64,4322.71,173,0.1274,0,app,1259.06,2025-01-01
CLI-0556,54,3925.92,127,0.4903,0,app,2315.97,2026-01-01
CLI-0557,72,9319.21,61,0.6094,0,app,2322.9,2025-08-01
CLI-0558,37,6556.92,150,0.5724,0,app,2013.67,2025-06-01
CLI-0559,54,9026.89,61,0.3208,0,agencia,2381.87,2025-07-01
CLI-0560,72,3031.6,50,0.1562,0,app,646.89,2025-02-01
CLI-0561,25,5412.33,221,0.6323,0,app,1733.16,2026-04-01
CLI-0562,56,3056.95,78,0.2827,0,app,798.44,2026-06-01
CLI-0563,48,1547.46,157,0.1624,1,agencia,-65.4,2025-09-01
CLI-0564,34,6861.81,205,0.215,0,agencia,1807.15,2025-12-01
CLI-0565,52,3764.41,31,0.3627,0,telefone,1173.62,2025-01-01
CLI-0566,23,5527.13,161,0.1699,0,telefone,2123.69,2026-03-01
CLI-0567,34,2120.52,208,0.5742,0,telefone,1435.71,2026-03-01
CLI-0568,46,4199.26,83,0.6669,0,app,1241.4,2025-02-01
CLI-0569,51,5782.69,142,0.6597,0,app,1885.15,2025-04-01
CLI-0570,71,2411.43,60,0.2479,0,agencia,490.96,2025-12-01
CLI-0571,66,3673.89,211,0.1615,0,app,1040.93,2026-01-01
CLI-0572,42,4575.36,164,0.2357,1,telefone,1822.1,2025-05-01
CLI-0573,49,3346.16,82,0.0869,0,app,583.59,2025-02-01
CLI-0574,42,2035.32,21,0.2803,0,agencia,856.46,2025-12-01
CLI-0575,51,3374.54,127,0.5008,0,app,1226.05,2026-01-01
CLI-0576,35,5453.75,38,0.5564,0,app,1688.65,2025-10-01
CLI-0577,38,1887.08,61,0.5425,0,agencia,948.29,2026-05-01
CLI-0578,40,3796.72,100,0.7625,0,agencia,1699.86,2026-04-01
CLI-0579,20,3948.59,172,0.0828,0,app,847.18,2025-11-01
CLI-0580,40,2046.52,91,0.5311,0,agencia,877.52,2026-03-01
CLI-0581,50,4950.65,79,0.0845,0,app,1601.77,2025-03-01
CLI-0582,28,2336.61,111,0.5698,0,app,1236.65,2025-08-01
CLI-0583,72,3466.18,95,0.093,0,app,1607.94,2025-01-01
CLI-0584,32,7351.59,97,0.1533,0,agencia,1828.65,2025-07-01
CLI-0585,52,9324.87,136,0.4692,0,agencia,2184.2,2026-01-01
CLI-0586,41,4075.13,21,0.3846,0,agencia,1645.76,2026-04-01
CLI-0587,34,4339.66,14,0.5321,0,agencia,1340.87,2025-03-01
CLI-0588,48,4178.7,196,0.4718,0,app,1752.81,2025-07-01
CLI-0589,38,4238.66,35,0.7482,0,app,1490.2,2025-08-01
CLI-0590,28,2427.99,142,0.5831,0,app,406.77,2025-01-01
CLI-0591,62,13035.62,157,0.5447,0,app,3340.94,2025-12-01
CLI-0592,49,4459.98,191,0.7222,0,app,1838.47,2025-07-01
CLI-0593,51,7328.66,72,0.3305,0,telefone,1528.92,2025-10-01
CLI-0594,45,2934.12,157,0.5183,0,app,1695.29,2026-03-01
CLI-0595,49,6247.88,178,0.661,0,app,2230.13,2025-08-01
CLI-0596,20,2951.24,155,0.7017,0,app,1434.04,2026-04-01
CLI-0597,42,1371.46,159,0.5031,0,agencia,1320.01,2025-05-01
CLI-0598,22,1934.49,43,0.2548,0,app,738.53,2025-12-01
CLI-0599,51,3555.22,60,0.4901,0,telefone,1814.33,2025-08-01
CLI-0600,50,3508.15,154,0.5063,0,app,863.14,2025-09-01
CLI-0601,69,2950.96,147,0.2321,0,app,342.81,2025-02-01
CLI-0602,44,6077.26,221,0.2927,0,agencia,1447.19,2026-03-01
CLI-0603,71,5017.73,48,0.4762,0,app,1648.1,2026-04-01
CLI-0604,32,4174.81,28,0.2198,0,app,1185.04,2026-03-01
CLI-0605,62,4110.05,132,0.1355,0,agencia,1195.19,2025-06-01
CLI-0606,30,3669.19,160,0.1589,0,app,642.37,2025-05-01
CLI-0607,54,2607.71,100,0.2908,0,agencia,1462.49,2025-12-01
CLI-0608,37,6880.73,80,0.2778,0,app,1598.2,2025-08-01
CLI-0609,55,3518.21,57,0.753,0,app,1112.81,2026-03-01
CLI-0610,62,4488.63,215,0.3763,0,app,1252.78,2026-06-01
CLI-0611,64,3279.57,168,0.0351,0,app,1259.44,2025-02-01
CLI-0612,68,4766.08,131,0.2786,0,agencia,1019.39,2026-03-01
CLI-0613,46,3071.68,161,0.6283,0,agencia,1525.4,2025-06-01
CLI-0614,36,9216.68,240,0.3361,0,telefone,2415.74,2025-11-01
CLI-0615,32,7078.1,39,0.305,1,app,1762.35,2025-06-01
CLI-0616,44,2007.65,16,0.5108,0,app,196.0,2025-11-01
CLI-0617,52,2141.11,140,0.8315,0,telefone,1259.53,2026-01-01
CLI-0618,37,2569.23,180,0.6093,0,agencia,537.24,2026-02-01
CLI-0619,27,2400.66,45,0.3271,0,app,748.16,2025-08-01
CLI-0620,56,3450.51,76,0.8451,0,app,1885.87,2025-06-01
CLI-0621,53,2993.06,76,0.3943,0,app,775.97,2026-05-01
CLI-0622,55,11739.71,200,0.1805,0,app,2325.67,2025-02-01
CLI-0623,51,3063.41,198,0.3732,0,app,1489.26,2025-02-01
CLI-0624,48,4168.21,166,0.3238,0,app,908.3,2026-01-01
CLI-0625,48,4765.53,211,0.0538,0,agencia,1675.84,2025-01-01
CLI-0626,34,4859.63,115,0.5402,0,app,1774.85,2025-11-01
CLI-0627,66,4236.12,209,0.407,0,app,1387.94,2025-11-01
CLI-0628,64,5296.36,94,0.4549,0,app,1925.0,2025-06-01
CLI-0629,71,2847.08,94,0.3532,0,app,1348.46,2025-05-01
CLI-0630,27,2963.65,166,0.2515,0,telefone,1319.75,2025-07-01
CLI-0631,44,4032.67,123,0.5802,0,agencia,1390.52,2025-12-01
CLI-0632,26,2212.12,92,0.4252,1,app,776.99,2026-05-01
CLI-0633,57,1625.74,224,0.3739,0,telefone,824.44,2026-01-01
CLI-0634,64,3318.46,61,0.376,0,app,290.45,2026-02-01
CLI-0635,41,3147.44,125,0.3642,0,app,1671.07,2025-08-01
CLI-0636,22,2494.78,132,0.1039,0,app,1844.14,2026-02-01
CLI-0637,41,4545.81,65,0.2108,0,telefone,1106.54,2026-03-01
CLI-0638,19,2646.64,61,0.2593,0,app,784.75,2025-07-01
CLI-0639,43,4174.42,226,0.4521,0,app,365.15,2026-04-01
CLI-0640,45,3357.02,184,0.7455,0,app,1208.28,2025-01-01
CLI-0641,24,4321.46,177,0.4995,0,app,1597.7,2026-05-01
CLI-0642,54,1473.9,230,0.1872,0,app,871.16,2025-03-01
CLI-0643,40,3403.33,196,0.6098,0,app,1255.58,2026-04-01
CLI-0644,51,3916.63,63,0.7604,0,app,1003.73,2026-05-01
CLI-0645,19,7206.94,193,0.3988,0,app,2050.0,2025-09-01
CLI-0646,51,3237.95,50,0.1737,0,app,476.62,2025-06-01
CLI-0647,58,4151.83,217,0.3431,0,app,1201.9,2025-02-01
CLI-0648,55,2146.6,101,0.4344,1,agencia,1247.55,2025-07-01
CLI-0649,62,9259.88,236,0.2038,0,agencia,2520.12,2025-05-01
CLI-0650,67,4674.36,211,0.6127,0,agencia,1383.24,2026-04-01
