cliente_id,frequencia_mensal,gasto_medio,uso_digital
CLI-0000,33.32,1088.59,0.713
CLI-0001,31.81,927.3,0.56
CLI-0002,43.02,1067.38,0.341
CLI-0003,54.86,2026.25,0.296
CLI-0004,31.03,707.87,0.545
CLI-0005,49.65,2720.23,0.44
CLI-0006,46.08,478.34,0.406
CLI-0007,61.57,2114.96,0.243
CLI-0008,15.67,1982.42,0.812
CLI-0009,41.88,808.14,0.563
CLI-0010,22.98,2291.57,0.764
CLI-0011,17.1,2308.09,1.0
CLI-0012,23.67,2471.28,0.791
CLI-0013,10.61,524.51,0.148
CLI-0014,10.6,2056.94,0.802
CLI-0015,11.29,370.53,0.149
CLI-0016,6.41,98.05,0.209
CLI-0017,60.64,2084.08,0.4
CLI-0018,38.95,747.18,0.49
CLI-0019,22.27,1784.54,0.813
CLI-0020,39.99,560.88,0.585
CLI-0021,38.98,980.39,0.535
CLI-0022,6.33,264.95,0.182
CLI-0023,23.31,2301.45,0.81
CLI-0024,45.76,517.07,0.578
CLI-0025,37.2,3361.0,0.394
CLI-0026,36.16,1078.97,0.645
CLI-0027,55.55,2032.06,0.458
CLI-0028,52.97,2306.94,0.444
CLI-0029,58.12,2078.51,0.319
CLI-0030,20.61,2427.56,0.703
CLI-0031,46.62,1815.39,0.292
CLI-0032,54.56,2271.43,0.222
CLI-0033,33.9,1012.76,0.59
CLI-0034,9.7,739.31,0.287
CLI-0035,22.02,2657.85,0.93
CLI-0036,54.39,2368.15,0.386
CLI-0037,46.2,551.69,0.467
CLI-0038,62.93,2351.01,0.413
CLI-0039,2.92,714.31,0.11
CLI-0040,5.28,509.51,0.13
CLI-0041,16.5,2077.6,0.845
CLI-0042,61.72,2040.16,0.404
CLI-0043,35.31,665.04,0.714
CLI-0044,34.31,678.34,0.616
CLI-0045,22.04,2256.13,0.807
CLI-0046,30.39,673.28,0.464
CLI-0047,15.36,1747.74,0.83
CLI-0048,33.06,475.62,0.451
CLI-0049,20.99,2237.14,0.841
CLI-0050,35.72,742.33,0.52
CLI-0051,61.49,2310.14,0.324
CLI-0052,7.85,266.96,0.231
CLI-0053,16.83,2435.55,0.821
CLI-0054,31.36,797.59,0.548
CLI-0055,12.6,2494.93,0.825
CLI-0056,39.76,492.53,0.564
CLI-0057,55.77,2218.82,0.351
CLI-0058,55.21,2803.89,0.309
CLI-0059,41.22,937.58,0.422
CLI-0060,16.25,1798.54,0.864
CLI-0061,18.69,2050.39,0.838
CLI-0062,23.34,134.47,0.145
CLI-0063,8.13,490.16,0.24
CLI-0064,4.85,293.7,0.162
CLI-0065,10.4,515.03,0.268
CLI-0066,3.37,152.51,0.246
CLI-0067,57.76,2301.9,0.396
CLI-0068,14.09,2248.48,0.7
CLI-0069,22.89,2282.48,0.834
CLI-0070,9.71,309.83,0.178
CLI-0071,19.97,1971.53,0.859
CLI-0072,36.45,667.54,0.462
CLI-0073,56.8,2470.26,0.453
CLI-0074,56.0,1631.24,0.406
CLI-0075,46.49,678.27,0.725
CLI-0076,12.1,2368.03,0.72
CLI-0077,8.49,2356.01,0.804
CLI-0078,15.32,2426.74,0.776
CLI-0079,10.85,2134.45,0.912
CLI-0080,51.86,2543.29,0.394
CLI-0081,61.25,2669.01,0.482
CLI-0082,37.34,617.76,0.625
CLI-0083,46.41,215.09,0.453
CLI-0084,39.43,380.13,0.596
CLI-0085,9.53,-2.14,0.114
CLI-0086,38.98,1249.32,0.518
CLI-0087,57.42,2264.04,0.493
CLI-0088,19.45,2283.28,0.958
CLI-0089,34.16,425.25,0.462
CLI-0090,39.08,966.71,0.583
CLI-0091,9.86,260.84,0.029
CLI-0092,56.08,1926.21,0.274
CLI-0093,32.47,1380.5,0.392
CLI-0094,60.3,1866.19,0.345
CLI-0095,40.92,267.3,0.731
CLI-0096,12.42,157.29,0.345
CLI-0097,53.62,2420.3,0.264
CLI-0098,40.01,784.21,0.567
CLI-0099,55.73,2416.23,0.322
CLI-0100,37.7,704.55,0.638
CLI-0101,20.24,2114.55,0.734
CLI-0102,41.83,507.67,0.599
CLI-0103,20.6,2293.55,0.773
CLI-0104,37.02,830.36,0.452
CLI-0105,11.5,646.67,0.207
CLI-0106,14.61,898.23,0.208
CLI-0107,36.17,808.46,0.511
CLI-0108,21.68,2244.51,0.775
CLI-0109,59.14,2576.58,0.336
CLI-0110,16.62,2178.13,0.831
CLI-0111,17.49,1927.12,0.872
CLI-0112,0.76,-368.89,0.222
CLI-0113,19.97,2449.65,0.773
CLI-0114,59.68,1915.75,0.423
CLI-0115,61.96,2636.38,0.324
CLI-0116,57.17,2432.54,0.343
CLI-0117,21.26,2103.56,0.889
CLI-0118,11.19,370.16,0.266
CLI-0119,11.81,416.69,0.338
CLI-0120,58.39,2292.54,0.323
CLI-0121,14.66,2246.74,0.785
CLI-0122,60.46,2716.64,0.512
CLI-0123,55.6,2452.92,0.351
CLI-0124,45.91,2253.27,0.394
CLI-0125,9.99,444.93,0.233
CLI-0126,20.7,2095.48,0.784
CLI-0127,35.02,847.6,0.577
CLI-0128,38.66,1049.54,0.462
CLI-0129,46.14,1119.52,0.419
CLI-0130,20.83,2401.27,0.724
CLI-0131,8.51,2100.11,0.813
CLI-0132,20.09,2664.67,0.779
CLI-0133,18.08,1987.93,0.767
CLI-0134,6.78,2215.75,0.825
CLI-0135,10.83,533.5,0.115
CLI-0136,57.01,2353.59,0.363
CLI-0137,20.19,1823.0,0.927
CLI-0138,18.86,2287.82,0.971
CLI-0139,50.71,2552.47,0.471
CLI-0140,17.37,263.64,0.21
CLI-0141,51.62,2129.76,0.384
CLI-0142,33.88,877.2,0.578
CLI-0143,21.76,2333.02,0.809
CLI-0144,10.49,161.35,0.25
CLI-0145,52.79,2167.72,0.489
CLI-0146,20.13,1940.83,0.806
CLI-0147,10.5,95.95,0.208
CLI-0148,21.07,1942.62,0.865
CLI-0149,7.99,92.43,0.244
CLI-0150,11.65,388.45,0.143
CLI-0151,16.42,2434.4,0.885
CLI-0152,50.68,2296.5,0.338
CLI-0153,8.45,561.79,0.075
CLI-0154,42.0,659.3,0.678
CLI-0155,23.74,1960.55,0.878
CLI-0156,12.61,220.3,0.075
CLI-0157,23.54,2104.85,0.868
CLI-0158,58.61,2561.35,0.364
CLI-0159,63.45,2495.02,0.428
CLI-0160,57.58,1948.3,0.365
CLI-0161,19.15,1845.85,0.809
CLI-0162,51.04,2039.2,0.405
CLI-0163,6.95,-21.14,0.233
CLI-0164,19.7,2373.12,0.862
CLI-0165,16.89,2378.64,0.828
CLI-0166,60.25,2357.18,0.322
CLI-0167,13.73,183.94,0.209
CLI-0168,9.24,41.78,0.2
CLI-0169,11.92,319.67,0.233
CLI-0170,14.76,262.02,0.163
CLI-0171,23.17,2212.92,0.804
CLI-0172,13.05,304.72,0.174
CLI-0173,53.06,2449.05,0.349
CLI-0174,58.03,2068.0,0.288
CLI-0175,54.09,2499.93,0.285
CLI-0176,59.75,1994.21,0.477
CLI-0177,55.89,2848.26,0.334
CLI-0178,55.21,2298.91,0.415
CLI-0179,56.42,2189.2,0.41
CLI-0180,5.07,-126.17,0.171
CLI-0181,36.68,364.36,0.666
CLI-0182,51.07,2419.87,0.227
CLI-0183,14.34,515.08,0.193
CLI-0184,41.52,473.26,0.668
CLI-0185,0.22,407.04,0.204
CLI-0186,57.03,1800.39,0.407
CLI-0187,38.89,591.67,0.478
CLI-0188,61.81,2293.22,0.435
CLI-0189,8.85,83.56,0.098
CLI-0190,44.96,2479.07,0.359
CLI-0191,10.03,314.71,0.276
CLI-0192,25.15,1371.58,0.638
CLI-0193,58.21,2056.25,0.332
CLI-0194,8.61,150.24,0.182
CLI-0195,41.77,779.75,0.675
CLI-0196,21.15,2089.61,0.847
CLI-0197,25.84,2156.47,0.739
CLI-0198,40.14,674.67,0.507
CLI-0199,53.65,2327.97,0.287
CLI-0200,7.2,446.33,0.075
CLI-0201,7.19,551.02,0.268
CLI-0202,23.83,1847.02,0.708
CLI-0203,16.72,194.21,0.143
CLI-0204,54.82,2364.2,0.493
CLI-0205,37.34,575.53,0.545
CLI-0206,32.62,601.83,0.524
CLI-0207,47.27,2102.16,0.441
CLI-0208,52.74,2564.05,0.464
CLI-0209,20.46,1985.41,0.848
CLI-0210,12.79,515.38,0.216
CLI-0211,56.12,2386.64,0.454
CLI-0212,4.47,117.28,0.149
CLI-0213,19.74,2174.34,0.706
CLI-0214,34.82,948.21,0.624
CLI-0215,8.19,134.38,0.281
CLI-0216,12.69,2127.24,0.925
CLI-0217,21.61,1925.05,0.761
CLI-0218,54.8,2023.88,0.316
CLI-0219,68.32,2266.82,0.4
CLI-0220,39.43,582.89,0.492
CLI-0221,10.99,2010.09,0.791
CLI-0222,16.69,2349.64,0.833
CLI-0223,25.46,2318.32,0.76
CLI-0224,38.29,981.32,0.572
CLI-0225,38.9,945.14,0.683
CLI-0226,44.99,1126.61,0.58
CLI-0227,60.17,2274.49,0.255
CLI-0228,13.05,324.67,0.174
CLI-0229,39.36,860.37,0.498
CLI-0230,52.5,2068.65,0.392
CLI-0231,16.88,2410.19,0.983
CLI-0232,3.28,550.14,0.255
CLI-0233,40.94,770.65,0.578
CLI-0234,52.85,2140.86,0.467
CLI-0235,62.15,2292.42,0.343
CLI-0236,23.93,2140.98,0.84
CLI-0237,27.63,1872.33,0.881
CLI-0238,17.42,2348.46,0.678
CLI-0239,57.79,2276.31,0.415
CLI-0240,44.95,751.09,0.622
CLI-0241,18.21,2384.87,0.749
CLI-0242,53.89,2074.64,0.321
CLI-0243,33.54,764.45,0.599
CLI-0244,14.47,398.01,0.181
CLI-0245,39.15,1117.22,0.493
CLI-0246,38.17,706.76,0.553
CLI-0247,49.06,902.03,0.564
CLI-0248,28.84,2278.61,0.827
CLI-0249,25.64,2093.84,0.859
CLI-0250,46.4,964.36,0.541
CLI-0251,11.22,479.31,0.2
CLI-0252,2.75,450.4,0.136
CLI-0253,59.92,2370.31,0.457
CLI-0254,20.52,2111.42,0.783
CLI-0255,17.09,2443.94,0.747
CLI-0256,23.08,2033.11,0.777
CLI-0257,37.49,1041.63,0.437
CLI-0258,21.93,1827.02,0.759
CLI-0259,58.18,2377.07,0.419
CLI-0260,52.69,2498.71,0.308
CLI-0261,5.36,75.19,0.365
CLI-0262,39.49,805.66,0.619
CLI-0263,58.75,1780.24,0.342
CLI-0264,14.03,617.0,0.269
CLI-0265,57.2,2140.25,0.344
CLI-0266,21.63,2074.36,0.812
CLI-0267,41.55,639.18,0.615
CLI-0268,56.43,2383.64,0.275
CLI-0269,4.31,597.01,0.273
CLI-0270,11.46,394.5,0.248
CLI-0271,24.86,615.58,0.507
CLI-0272,61.07,2074.42,0.422
CLI-0273,61.57,2011.21,0.317
CLI-0274,57.15,2640.58,0.452
CLI-0275,11.0,218.32,0.181
CLI-0276,13.15,2312.45,0.666
CLI-0277,53.45,2245.28,0.33
CLI-0278,52.19,2200.64,0.404
CLI-0279,7.86,762.49,0.128
CLI-0280,54.8,2274.35,0.262
CLI-0281,15.79,2101.4,0.752
CLI-0282,37.39,805.3,0.623
CLI-0283,8.39,641.86,0.283
CLI-0284,17.15,403.7,0.184
CLI-0285,28.73,2436.14,0.864
CLI-0286,32.72,832.92,0.59
CLI-0287,39.71,573.82,0.512
CLI-0288,3.74,236.36,0.371
CLI-0289,26.58,2313.12,0.765
CLI-0290,18.98,2242.8,0.787
CLI-0291,5.42,586.71,0.269
CLI-0292,-0.38,424.27,0.152
CLI-0293,11.18,706.16,0.102
CLI-0294,60.05,2114.92,0.307
CLI-0295,24.77,2119.09,0.868
CLI-0296,13.97,343.92,0.088
CLI-0297,29.13,2090.92,0.95
CLI-0298,57.53,2208.11,0.45
CLI-0299,47.3,2283.93,0.442
CLI-0300,11.28,-34.51,0.242
CLI-0301,54.85,11280.599999999999,0.393
CLI-0302,19.98,2526.24,0.88
CLI-0303,-0.1,278.83,0.275
CLI-0304,35.98,639.2,0.516
CLI-0305,15.19,360.88,0.224
CLI-0306,8.28,332.72,0.324
CLI-0307,12.32,401.07,0.168
CLI-0308,39.58,676.98,0.518
CLI-0309,38.55,1282.02,0.55
CLI-0310,18.89,1767.02,0.736
CLI-0311,22.38,1796.72,0.961
CLI-0312,14.3,2328.57,0.967
CLI-0313,18.15,2297.54,0.709
CLI-0314,21.12,2797.33,0.715
CLI-0315,19.66,2081.9,0.919
CLI-0316,30.55,783.43,0.613
CLI-0317,62.04,2600.21,0.311
CLI-0318,7.57,694.61,0.191
CLI-0319,9.13,262.09,0.102
CLI-0320,38.58,792.51,0.601
CLI-0321,34.28,731.09,0.518
CLI-0322,35.74,413.01,0.738
CLI-0323,28.38,2068.19,0.926
CLI-0324,15.2,2178.53,0.751
CLI-0325,57.23,2325.34,0.309
CLI-0326,18.77,2124.46,0.867
CLI-0327,35.11,794.47,0.475
CLI-0328,20.81,2287.17,0.698
CLI-0329,14.06,2193.34,0.82
CLI-0330,18.37,1983.7,0.887
CLI-0331,46.71,2420.2,0.26
CLI-0332,49.73,2498.18,0.447
CLI-0333,56.88,1834.32,0.377
CLI-0334,57.5,2455.65,0.368
CLI-0335,41.89,798.95,0.449
CLI-0336,20.73,2235.46,0.76
CLI-0337,36.78,624.39,0.535
CLI-0338,13.19,546.61,0.154
CLI-0339,31.03,2249.37,0.727
CLI-0340,40.42,580.34,0.395
CLI-0341,18.2,253.33,0.053
CLI-0342,50.39,1979.65,0.513
CLI-0343,53.59,2045.83,0.433
CLI-0344,3.13,300.79,0.243
CLI-0345,20.21,2107.66,0.764
CLI-0346,17.73,416.64,0.199
CLI-0347,58.18,2202.76,0.32
CLI-0348,8.39,389.24,0.245
CLI-0349,45.32,749.26,0.555
CLI-0350,61.83,2330.84,0.443
CLI-0351,55.39,2127.29,0.339
CLI-0352,63.98,2333.03,0.463
CLI-0353,58.95,2109.04,0.433
CLI-0354,14.74,640.33,0.15
CLI-0355,17.11,2113.72,0.829
CLI-0356,21.42,2122.51,0.867
CLI-0357,23.78,1793.59,0.718
CLI-0358,23.35,2395.97,0.943
CLI-0359,34.71,707.44,0.595
