cliente_id,idade,renda_mensal,tempo_relacionamento_meses,uso_limite,estado_civil,faixa_risco
CLI-0001,26,2362.8,146,0.3286,solteiro,baixo
CLI-0002,36,5045.31,77,0.2951,viuvo,baixo
CLI-0003,37,4183.98,146,0.2331,divorciado,baixo
CLI-0004,67,2064.09,203,0.1274,divorciado,medio
CLI-0005,60,2826.67,169,0.5161,,baixo
CLI-0006,34,3157.05,84,0.4466,divorciado,medio
CLI-0007,30,2581.74,240,0.5661,divorciado,medio
CLI-0008,56,120000.0,67,0.7206,solteiro,baixo
CLI-0009,40,3092.97,60,0.8581,solteiro,medio
CLI-0010,60,3226.76,13,0.2416,viuvo,baixo
CLI-0011,32,2283.35,201,0.2656,solteiro,alto
CLI-0012,62,2553.12,3,0.4516,viuvo,medio
CLI-0013,22,4375.42,74,0.3172,divorciado,baixo
CLI-0014,71,3813.86,19,0.6587,viuvo,baixo
CLI-0015,57,3261.12,108,0.499,viuvo,medio
CLI-0016,69,5627.5,159,0.4153,divorciado,baixo
CLI-0017,41,,116,0.4199,solteiro,medio
CLI-0018,42,5056.95,121,0.2868,solteiro,baixo
CLI-0019,69,,31,0.5668,solteiro,baixo
CLI-0020,70,2516.79,195,0.6689,casado,baixo
CLI-0021,20,4390.6,103,0.5132,divorciado,medio
CLI-0022,63,4129.17,11,0.1731,casado,medio
CLI-0023,48,5864.05,204,0.2344,solteiro,alto
CLI-0024,36,4064.97,116,0.0393,divorciado,medio
CLI-0025,71,3827.02,6,0.5556,solteiro,medio
CLI-0026,54,3381.88,91,0.4449,casado,medio
CLI-0027,44,7663.85,230,0.5234,divorciado,baixo
CLI-0028,61,3156.57,134,0.6256,casado,baixo
CLI-0029,61,3372.75,51,0.2956,divorciado,medio
CLI-0030,46,2581.51,23,0.4482,casado,baixo
CLI-0031,45,2772.72,135,0.4176,casado,baixo
CLI-0032,21,8402.44,106,0.4276,casado,baixo
CLI-0033,38,5189.63,214,0.6626,casado,medio
CLI-0034,27,5229.62,101,0.3058,divorciado,baixo
CLI-0035,64,5853.03,55,0.8021,solteiro,baixo
CLI-0036,54,7199.05,154,0.5769,viuvo,alto
CLI-0037,42,3791.58,169,0.2657,divorciado,baixo
CLI-0038,69,2246.82,5,0.1075,solteiro,baixo
CLI-0039,69,4397.35,208,0.5737,solteiro,alto
CLI-0040,21,10092.21,141,0.4883,viuvo,medio
CLI-0041,35,9539.83,98,0.2403,viuvo,medio
CLI-0042,66,,109,0.2543,viuvo,baixo
CLI-0043,19,4361.18,222,0.5546,casado,alto
CLI-0044,68,2650.12,84,0.4029,,baixo
CLI-0045,53,3560.35,105,0.4129,viuvo,medio
CLI-0046,38,8923.32,163,0.3419,solteiro,medio
CLI-0047,28,4363.41,98,0.2739,viuvo,baixo
CLI-0048,56,,7,0.0806,solteiro,baixo
CLI-0049,28,2469.66,109,0.4978,casado,medio
CLI-0050,39,4108.19,191,0.086,divorciado,baixo
CLI-0051,72,5739.72,85,0.1816,viuvo,baixo
CLI-0052,59,3025.72,148,0.5541,viuvo,alto
CLI-0053,28,1641.19,78,0.521,solteiro,baixo
CLI-0054,39,2215.83,125,0.5319,divorciado,alto
CLI-0055,35,2628.07,8,0.3459,solteiro,baixo
CLI-0056,62,2798.57,147,0.0864,solteiro,medio
CLI-0057,39,5109.96,116,0.4643,viuvo,alto
CLI-0058,32,1979.44,13,0.5654,viuvo,baixo
CLI-0059,58,7503.15,216,0.4088,viuvo,baixo
CLI-0060,34,3991.85,11,0.1742,viuvo,baixo
CLI-0061,57,2817.66,196,0.2672,casado,medio
CLI-0062,31,6049.46,185,0.2572,viuvo,baixo
CLI-0063,47,2342.34,3,0.013,casado,medio
CLI-0064,35,5681.42,192,0.3601,viuvo,medio
CLI-0065,29,1311.06,168,0.2761,solteiro,medio
CLI-0066,46,3616.33,47,0.2259,solteiro,medio
CLI-0067,40,6385.71,64,0.1384,solteiro,baixo
CLI-0068,37,2975.69,222,0.2356,casado,alto
CLI-0069,62,4097.74,38,0.5282,,medio
CLI-0070,64,4646.92,144,0.0787,casado,baixo
CLI-0071,32,,11,0.0539,casado,medio
CLI-0072,41,2232.84,225,0.0772,solteiro,alto
CLI-0073,57,2359.34,73,0.2785,viuvo,baixo
CLI-0074,43,,131,0.506,viuvo,baixo
CLI-0075,32,6214.77,2,0.0986,casado,baixo
CLI-0076,48,7798.24,232,0.0326,casado,baixo
CLI-0077,27,5559.32,167,0.6531,viuvo,baixo
CLI-0078,48,4546.67,60,0.5773,viuvo,baixo
CLI-0079,23,5024.73,8,0.424,casado,baixo
CLI-0080,69,2224.77,7,0.0876,,medio
CLI-0081,30,,95,0.3506,solteiro,baixo
CLI-0082,50,250000.0,182,0.3568,casado,baixo
CLI-0083,57,1822.5,136,0.2434,casado,alto
CLI-0084,47,4588.66,181,0.4295,viuvo,baixo
CLI-0085,22,,235,0.107,,medio
CLI-0086,49,3233.53,1,0.256,casado,medio
CLI-0087,20,5339.24,203,0.4959,casado,baixo
CLI-0088,33,2162.03,94,0.4716,divorciado,alto
CLI-0089,49,2294.63,2,0.5111,viuvo,baixo
CLI-0090,68,2504.09,73,0.4378,viuvo,baixo
CLI-0091,42,,78,0.0621,casado,medio
CLI-0092,37,,67,0.4719,divorciado,baixo
CLI-0093,41,2967.68,162,0.3891,divorciado,baixo
CLI-0094,68,,204,0.1564,viuvo,baixo
CLI-0095,68,,51,0.5836,casado,medio
CLI-0096,33,3685.76,203,0.4873,divorciado,baixo
CLI-0097,48,6494.47,227,0.5306,solteiro,medio
CLI-0098,67,9202.56,115,0.6275,solteiro,baixo
CLI-0099,21,1638.0,125,0.6882,solteiro,baixo
CLI-0100,57,7235.66,11,0.1645,casado,alto
CLI-0101,30,2508.94,155,0.7748,solteiro,baixo
CLI-0102,29,4605.44,18,0.4072,solteiro,medio
CLI-0103,63,2833.68,100,0.3496,solteiro,baixo
CLI-0104,29,,216,0.3752,casado,baixo
CLI-0105,67,3871.21,107,0.3972,divorciado,baixo
CLI-0106,22,6977.61,81,0.5183,solteiro,medio
CLI-0107,55,3269.53,38,0.8394,casado,alto
CLI-0108,27,4059.91,215,0.7808,solteiro,alto
CLI-0109,66,3238.93,87,0.1354,casado,baixo
CLI-0110,35,4581.97,182,0.405,viuvo,baixo
CLI-0111,53,4494.51,1,0.5979,casado,baixo
CLI-0112,52,5680.57,226,0.4387,viuvo,medio
CLI-0113,67,12385.43,199,0.5313,divorciado,baixo
CLI-0114,35,,7,0.6213,,medio
CLI-0115,40,9313.33,40,0.3391,divorciado,baixo
CLI-0116,41,2329.07,55,0.4102,solteiro,medio
CLI-0117,23,2563.35,182,0.3511,solteiro,medio
CLI-0118,52,9096.16,125,0.2404,viuvo,baixo
CLI-0119,24,,150,0.2452,,baixo
CLI-0120,30,2031.71,126,0.2624,solteiro,baixo
CLI-0121,62,11490.51,175,0.836,solteiro,baixo
CLI-0122,39,4865.59,174,0.2632,divorciado,medio
CLI-0123,59,2792.84,157,0.3171,divorciado,alto
CLI-0124,65,2432.95,153,0.0828,viuvo,alto
CLI-0125,51,6115.89,12,0.7977,solteiro,medio
CLI-0126,50,3581.85,36,0.4898,,baixo
CLI-0127,53,2099.48,215,0.1842,casado,baixo
CLI-0128,31,1451.73,92,0.7365,casado,baixo
CLI-0129,39,,4,0.2158,solteiro,medio
CLI-0130,33,4230.98,155,0.1722,solteiro,medio
CLI-0131,37,4851.27,179,0.3899,casado,alto
CLI-0132,43,1279.03,40,0.3801,casado,baixo
CLI-0133,31,4509.32,101,0.7114,viuvo,baixo
CLI-0134,64,,25,0.4528,casado,alto
CLI-0135,31,13470.93,30,0.429,solteiro,baixo
CLI-0136,52,10327.1,123,0.7362,casado,alto
CLI-0137,38,9885.66,117,0.4003,divorciado,baixo
CLI-0138,21,5338.92,114,0.1543,solteiro,baixo
CLI-0139,69,1783.93,150,0.2225,divorciado,medio
CLI-0140,70,,171,0.414,solteiro,baixo
