cliente_id,idade,renda_mensal,tempo_relacionamento_meses,uso_limite,inadimplente,canal
CLI-0001,49,5246.35,199,0.1158,0,app
CLI-0002,50,5994.41,132,0.686,0,telefone
CLI-0003,19,1656.13,126,0.524,1,app
CLI-0004,47,2364.08,200,0.3091,0,agencia
CLI-0005,50,3301.8,147,0.3027,0,app
CLI-0006,60,3817.6,105,0.1731,0,agencia
CLI-0007,51,2783.27,85,0.1908,1,app
CLI-0008,36,4178.45,174,0.1447,0,telefone
CLI-0009,67,6299.97,6,0.2741,0,agencia
CLI-0010,30,2431.57,18,0.7073,0,app
CLI-0011,27,3363.85,205,0.2068,0,app
CLI-0012,55,5969.57,143,0.7209,0,app
CLI-0013,52,2996.92,193,0.4354,0,agencia
CLI-0014,40,9501.22,85,0.3424,0,app
CLI-0015,58,5011.11,201,0.231,0,app
CLI-0016,65,7536.4,135,0.3326,1,app
CLI-0017,28,3691.91,176,0.4726,0,app
CLI-0018,20,2855.19,161,0.2661,0,app
CLI-0019,63,3805.42,174,0.2941,0,app
CLI-0020,54,1971.14,78,0.0958,0,app
CLI-0021,55,2618.96,51,0.1946,0,app
CLI-0022,57,6775.7,45,0.3177,1,telefone
CLI-0023,23,1892.32,230,0.7108,0,agencia
CLI-0024,70,2228.32,226,0.6025,0,agencia
CLI-0025,22,2841.0,74,0.3239,0,telefone
CLI-0026,58,2671.64,10,0.1678,0,app
CLI-0027,44,6280.03,60,0.3578,0,app
CLI-0028,36,2470.07,159,0.1931,0,app
CLI-0029,32,2622.92,14,0.8129,0,agencia
CLI-0030,31,2495.63,137,0.6109,0,app
CLI-0031,38,4524.95,72,0.297,0,app
CLI-0032,69,1613.92,81,0.2581,0,app
CLI-0033,35,3132.1,57,0.1215,0,app
CLI-0034,72,2583.42,75,0.6121,0,app
CLI-0035,69,2243.63,124,0.2595,0,app
CLI-0036,51,3363.77,167,0.486,0,app
CLI-0037,64,3812.35,12,0.6811,0,app
CLI-0038,49,3753.37,126,0.4826,0,agencia
CLI-0039,32,1054.45,156,0.554,1,app
CLI-0040,26,11658.4,236,0.0922,0,app
CLI-0041,63,1631.23,217,0.092,0,app
CLI-0042,72,1167.11,210,0.2652,0,app
CLI-0043,48,4812.75,74,0.1833,0,app
CLI-0044,37,2513.47,57,0.1872,0,app
CLI-0045,47,2555.33,95,0.6972,0,agencia
CLI-0046,60,4017.31,235,0.4049,0,app
CLI-0047,24,3426.29,124,0.3046,0,app
CLI-0048,24,7068.23,202,0.1683,0,app
CLI-0049,35,5705.22,98,0.7848,0,app
CLI-0050,57,3942.63,62,0.4427,0,agencia
CLI-0051,57,7124.69,192,0.3386,0,app
CLI-0052,61,2716.41,178,0.5764,0,app
CLI-0053,71,3303.78,186,0.5754,1,app
CLI-0054,39,5444.2,44,0.5208,0,agencia
CLI-0055,22,3307.7,4,0.3966,0,app
CLI-0056,25,5768.62,4,0.3608,1,agencia
CLI-0057,50,3667.74,227,0.3336,0,app
CLI-0058,58,3252.21,38,0.4505,0,telefone
CLI-0059,61,2771.7,183,0.8541,0,app
CLI-0060,22,4575.2,39,0.7003,0,app
CLI-0061,31,7257.32,233,0.1592,0,app
CLI-0062,42,2879.65,189,0.4294,0,app
CLI-0063,68,3187.4,110,0.2707,0,app
CLI-0064,45,1716.71,128,0.6941,0,app
CLI-0065,55,4513.8,195,0.3503,0,telefone
CLI-0066,35,5192.57,83,0.2223,0,app
CLI-0067,55,1867.81,147,0.2575,0,app
CLI-0068,62,3811.55,123,0.1054,0,telefone
CLI-0069,39,7157.88,191,0.4342,0,app
CLI-0070,47,10391.9,207,0.1185,0,app
CLI-0071,72,4549.5,1,0.1165,0,app
CLI-0072,51,6147.71,73,0.6032,0,agencia
CLI-0073,30,3388.93,122,0.2598,0,app
CLI-0074,69,1499.39,149,0.4696,0,app
CLI-0075,71,7619.78,42,0.4032,0,agencia
CLI-0076,53,3315.21,28,0.4533,0,app
CLI-0077,22,4437.61,169,0.0571,0,telefone
CLI-0078,31,2462.41,47,0.4571,0,app
CLI-0079,60,953.55,14,0.6615,0,agencia
CLI-0080,55,2869.46,212,0.4526,0,app
CLI-0081,39,6350.09,187,0.5652,0,app
CLI-0082,66,6143.97,175,0.0887,0,app
CLI-0083,48,4512.3,80,0.3493,0,app
CLI-0084,54,5283.85,171,0.2234,0,app
CLI-0085,39,9258.85,49,0.2703,0,app
CLI-0086,70,4844.89,37,0.4023,0,app
CLI-0087,38,2438.03,45,0.1357,0,app
CLI-0088,41,4660.7,93,0.7165,0,agencia
CLI-0089,22,1483.53,122,0.5754,0,app
CLI-0090,39,2986.59,237,0.0394,0,app
CLI-0091,27,6970.36,115,0.1567,0,app
CLI-0092,55,2691.66,11,0.1553,0,app
CLI-0093,24,2662.78,134,0.6291,0,agencia
CLI-0094,59,2823.05,24,0.3479,0,app
CLI-0095,68,12646.35,2,0.2953,0,app
CLI-0096,21,2825.55,113,0.2915,0,agencia
CLI-0097,62,3580.82,213,0.8345,0,app
CLI-0098,67,6423.17,186,0.6557,0,app
CLI-0099,19,4150.89,104,0.4865,0,app
CLI-0100,61,3503.36,119,0.595,0,app
CLI-0101,32,3264.93,236,0.6044,0,app
CLI-0102,42,4561.83,178,0.2493,0,app
CLI-0103,31,2388.97,96,0.2418,0,app
CLI-0104,31,1705.69,7,0.2998,0,agencia
CLI-0105,46,2582.08,237,0.4096,0,telefone
CLI-0106,20,2633.58,104,0.6247,0,app
CLI-0107,56,2411.75,27,0.4289,0,app
CLI-0108,71,2006.69,204,0.0509,0,agencia
CLI-0109,27,4111.15,221,0.4481,0,app
CLI-0110,60,2408.33,90,0.2836,0,telefone
CLI-0111,24,4409.14,127,0.3371,0,app
CLI-0112,61,4857.63,151,0.191,0,app
CLI-0113,41,3596.35,80,0.1674,0,app
CLI-0114,22,2358.9,207,0.7243,0,app
CLI-0115,61,11758.24,191,0.0924,0,app
CLI-0116,66,4572.42,96,0.5147,0,app
CLI-0117,25,3519.54,168,0.3382,0,telefone
CLI-0118,22,2754.86,170,0.5197,0,telefone
CLI-0119,60,7118.97,109,0.4729,0,app
CLI-0120,59,6363.14,4,0.7276,1,app
CLI-0121,68,3964.02,157,0.5523,0,agencia
CLI-0122,47,6349.62,38,0.477,0,app
CLI-0123,68,5544.51,42,0.0812,0,telefone
CLI-0124,52,4125.21,216,0.3638,0,agencia
CLI-0125,19,4486.22,52,0.4557,0,agencia
CLI-0126,61,8779.65,200,0.7856,0,app
CLI-0127,58,6892.86,232,0.3149,0,app
CLI-0128,69,3049.26,34,0.0937,0,app
CLI-0129,24,1017.87,7,0.1865,0,app
CLI-0130,69,4649.74,150,0.3369,0,app
CLI-0131,66,6341.46,187,0.5113,0,telefone
CLI-0132,49,2162.14,118,0.3897,0,agencia
CLI-0133,54,13192.81,227,0.3371,0,app
CLI-0134,69,4924.78,181,0.6612,1,app
CLI-0135,27,1571.89,176,0.6399,0,telefone
CLI-0136,27,8616.63,2,0.2279,0,app
CLI-0137,36,2522.21,141,0.2974,0,telefone
CLI-0138,34,2868.19,21,0.4737,0,app
CLI-0139,56,11147.46,232,0.2092,0,telefone
CLI-0140,51,3806.55,83,0.3503,0,app
CLI-0141,48,4628.55,226,0.3591,0,telefone
CLI-0142,64,1700.49,29,0.2202,0,app
CLI-0143,33,1338.9,135,0.0416,0,app
CLI-0144,39,3957.45,111,0.4109,0,agencia
CLI-0145,52,4713.33,195,0.3253,0,app
CLI-0146,34,2429.32,201,0.057,0,app
CLI-0147,71,6147.39,180,0.0758,0,app
CLI-0148,31,4984.21,127,0.4161,0,telefone
CLI-0149,40,4042.34,30,0.5044,0,app
CLI-0150,58,6641.66,93,0.154,0,app
CLI-0151,67,3070.56,143,0.6509,0,telefone
CLI-0152,64,9931.85,113,0.2442,0,app
CLI-0153,49,3688.07,207,0.2429,0,agencia
CLI-0154,20,5117.27,176,0.3553,0,app
CLI-0155,68,2866.75,67,0.4526,0,telefone
CLI-0156,65,4138.43,135,0.638,0,app
CLI-0157,72,2887.21,55,0.3062,0,app
CLI-0158,44,12482.07,206,0.4747,0,app
CLI-0159,33,6159.38,9,0.1123,0,telefone
CLI-0160,22,7021.47,186,0.3828,0,agencia
CLI-0161,68,6125.92,80,0.4636,0,app
CLI-0162,69,3304.55,60,0.5482,0,telefone
CLI-0163,55,1913.32,154,0.3437,0,agencia
CLI-0164,28,6417.83,105,0.1595,0,app
CLI-0165,72,5527.9,235,0.1532,0,app
CLI-0166,61,2330.58,18,0.1402,1,telefone
CLI-0167,62,3017.03,124,0.2216,0,app
CLI-0168,34,2286.06,122,0.4148,0,app
CLI-0169,70,2752.5,112,0.4955,0,app
CLI-0170,33,5459.76,134,0.5861,0,app
CLI-0171,72,7630.09,75,0.1863,0,app
CLI-0172,34,2612.24,51,0.354,0,app
CLI-0173,39,6951.59,191,0.56,0,telefone
CLI-0174,41,4318.43,179,0.7221,0,app
CLI-0175,69,4488.24,153,0.3189,0,app
CLI-0176,20,4303.54,231,0.4101,0,telefone
CLI-0177,64,2303.01,231,0.2792,0,app
CLI-0178,36,2022.9,156,0.2427,0,app
CLI-0179,39,4613.79,218,0.6022,0,telefone
CLI-0180,37,2497.14,205,0.0938,0,app
CLI-0181,29,3997.01,51,0.4251,0,app
CLI-0182,60,3533.69,31,0.6513,0,app
CLI-0183,65,3967.44,120,0.2558,0,telefone
CLI-0184,37,2594.38,64,0.2719,0,app
CLI-0185,33,5419.71,83,0.1656,0,app
CLI-0186,31,5159.3,172,0.2576,0,app
CLI-0187,68,6357.35,132,0.5102,0,app
CLI-0188,64,2611.58,202,0.2816,0,agencia
CLI-0189,72,3155.79,46,0.3046,0,app
CLI-0190,68,3117.94,17,0.0861,0,app
CLI-0191,30,2385.89,59,0.5907,0,app
CLI-0192,69,2168.01,141,0.2115,0,app
CLI-0193,21,5653.84,209,0.4689,0,app
CLI-0194,56,2570.73,54,0.0913,0,app
CLI-0195,62,2507.8,227,0.7537,0,telefone
CLI-0196,44,8265.68,2,0.4085,0,agencia
CLI-0197,50,6288.88,216,0.0498,0,telefone
CLI-0198,20,9487.09,108,0.2388,0,app
CLI-0199,39,2609.16,63,0.5031,0,app
CLI-0200,68,3376.16,49,0.2637,0,app
CLI-0201,38,2063.63,17,0.2615,0,telefone
CLI-0202,38,2530.59,145,0.3828,0,app
CLI-0203,37,6443.18,6,0.5159,0,app
CLI-0204,21,4444.17,80,0.3379,0,app
CLI-0205,51,3468.31,110,0.2019,0,app
CLI-0206,45,2442.72,187,0.3185,0,app
CLI-0207,64,5951.58,180,0.3378,0,telefone
CLI-0208,48,1873.47,31,0.3006,0,app
CLI-0209,48,1025.99,135,0.3969,0,agencia
CLI-0210,48,3692.33,108,0.2967,0,agencia
CLI-0211,61,4100.75,98,0.4021,0,app
CLI-0212,33,2592.82,88,0.2971,0,telefone
CLI-0213,22,2556.64,30,0.4129,0,app
CLI-0214,48,4508.37,99,0.0891,0,app
CLI-0215,34,1897.73,238,0.2685,0,app
CLI-0216,23,2718.85,132,0.2717,0,agencia
CLI-0217,38,8196.19,228,0.5982,0,app
CLI-0218,51,3059.03,134,0.4222,0,app
CLI-0219,56,3825.52,128,0.1142,0,app
CLI-0220,39,4734.5,11,0.2498,0,app
CLI-0221,63,1062.29,147,0.1497,0,app
CLI-0222,51,4235.79,91,0.4696,0,app
CLI-0223,32,5805.38,161,0.1379,0,app
CLI-0224,25,9539.68,54,0.7077,0,app
CLI-0225,44,1700.37,182,0.4478,0,telefone
CLI-0226,70,4506.84,127,0.5158,0,app
CLI-0227,57,2201.04,58,0.4926,0,agencia
CLI-0228,42,5258.09,7,0.5092,0,agencia
CLI-0229,23,3076.93,227,0.3939,0,telefone
CLI-0230,26,2242.93,165,0.5015,0,app
CLI-0231,58,3480.6,90,0.5429,0,app
CLI-0232,53,2696.17,92,0.3628,0,app
CLI-0233,57,3779.96,195,0.3357,0,app
CLI-0234,61,2376.35,212,0.0367,0,app
CLI-0235,20,1774.52,102,0.1436,0,app
CLI-0236,51,2150.49,106,0.2436,0,agencia
CLI-0237,54,4541.48,139,0.1257,0,app
CLI-0238,29,2541.23,95,0.2736,1,telefone
CLI-0239,23,4972.88,139,0.474,0,agencia
CLI-0240,57,4348.31,110,0.3677,0,telefone
CLI-0241,29,6054.57,100,0.54,0,app
CLI-0242,54,3633.29,221,0.5167,0,agencia
CLI-0243,32,4680.18,25,0.3379,0,app
CLI-0244,20,3166.81,216,0.2639,0,agencia
CLI-0245,70,1981.45,13,0.642,0,app
CLI-0246,60,1839.19,44,0.4308,0,app
CLI-0247,60,6066.25,204,0.2891,0,agencia
CLI-0248,23,6338.77,154,0.2782,0,app
CLI-0249,72,5225.44,154,0.3996,0,app
CLI-0250,23,3012.27,29,0.7202,1,app
CLI-0251,64,2897.11,196,0.8051,0,telefone
CLI-0252,22,7792.45,9,0.3008,0,app
CLI-0253,68,5119.39,56,0.1521,0,app
CLI-0254,53,6253.22,16,0.4091,0,app
CLI-0255,71,4165.61,179,0.5426,0,agencia
CLI-0256,53,4909.27,161,0.1925,0,agencia
CLI-0257,48,3526.97,184,0.3365,0,app
CLI-0258,34,2654.11,213,0.5952,0,app
CLI-0259,63,3911.79,222,0.0981,0,app
CLI-0260,30,8220.58,96,0.8157,0,app
CLI-0261,70,3145.88,1,0.28,0,telefone
CLI-0262,70,4605.21,237,0.429,0,app
CLI-0263,28,4280.96,63,0.0301,0,telefone
CLI-0264,36,3201.72,84,0.2688,0,telefone
CLI-0265,37,2956.0,140,0.2395,0,app
CLI-0266,26,3219.99,35,0.6047,0,app
CLI-0267,52,1655.85,80,0.1267,0,telefone
CLI-0268,59,3531.4,225,0.3742,0,app
CLI-0269,52,4590.19,40,0.1887,0,app
CLI-0270,69,2109.61,63,0.097,0,app
CLI-0271,28,2738.41,110,0.5864,1,app
CLI-0272,57,5387.65,221,0.1485,0,telefone
CLI-0273,47,3455.91,111,0.5191,0,app
CLI-0274,63,4866.61,18,0.2401,0,app
CLI-0275,59,2363.74,63,0.38,0,app
CLI-0276,53,1962.64,81,0.5126,0,app
CLI-0277,68,4153.67,35,0.455,0,agencia
CLI-0278,30,6385.82,223,0.3342,0,app
CLI-0279,40,6093.3,42,0.4893,1,app
CLI-0280,21,4158.9,145,0.2471,0,app
CLI-0281,65,1472.46,164,0.1675,0,telefone
CLI-0282,55,5309.55,211,0.3157,0,agencia
CLI-0283,65,1805.53,106,0.8306,1,app
CLI-0284,30,1448.37,217,0.1741,0,app
CLI-0285,48,3864.47,240,0.3294,0,app
CLI-0286,32,1498.93,23,0.4799,1,app
CLI-0287,55,4190.29,72,0.481,0,app
CLI-0288,22,3429.31,70,0.2948,0,telefone
CLI-0289,64,4525.77,103,0.1745,0,app
CLI-0290,51,4334.68,97,0.6517,0,app
CLI-0291,32,3234.79,194,0.6956,0,app
CLI-0292,50,2210.97,107,0.4699,0,app
CLI-0293,46,2097.21,46,0.4798,0,telefone
CLI-0294,30,3005.98,162,0.6246,0,app
CLI-0295,67,5529.8,224,0.3754,0,app
CLI-0296,40,1965.39,219,0.2447,0,app
CLI-0297,32,3443.22,160,0.587,0,app
CLI-0298,69,6875.32,233,0.4038,0,app
CLI-0299,24,4497.19,227,0.6137,0,agencia
CLI-0300,64,2221.8,194,0.411,0,app
CLI-0301,55,2247.69,114,0.3916,0,app
CLI-0302,65,8475.1,129,0.3725,1,agencia
CLI-0303,64,2216.4,13,0.2654,0,app
CLI-0304,51,2669.54,188,0.5567,0,app
CLI-0305,46,8416.6,195,0.4369,0,agencia
CLI-0306,65,2748.73,61,0.5675,0,agencia
CLI-0307,22,3422.94,10,0.1363,0,app
CLI-0308,53,2763.41,233,0.6332,0,app
CLI-0309,37,7951.89,211,0.4314,0,app
CLI-0310,67,2988.24,178,0.3352,0,app
CLI-0311,46,3096.35,192,0.3265,0,app
CLI-0312,58,9650.52,134,0.5709,0,app
CLI-0313,34,2517.73,215,0.7214,0,app
CLI-0314,35,3973.77,80,0.7438,0,telefone
CLI-0315,42,3857.29,224,0.4622,0,app
CLI-0316,46,1184.01,235,0.6733,0,app
CLI-0317,62,2411.97,212,0.2721,0,app
CLI-0318,58,2354.96,28,0.1845,0,agencia
CLI-0319,62,2078.62,146,0.5189,0,app
CLI-0320,55,4144.84,69,0.1691,0,app
CLI-0321,22,3754.39,90,0.2253,0,agencia
CLI-0322,60,2100.38,92,0.456,0,agencia
CLI-0323,38,7460.31,169,0.2701,0,app
CLI-0324,22,3402.3,94,0.203,0,app
CLI-0325,38,3234.98,125,0.3678,0,agencia
CLI-0326,24,5477.67,204,0.5424,0,agencia
CLI-0327,37,7044.5,171,0.1754,0,app
CLI-0328,64,7126.8,51,0.2859,0,app
CLI-0329,51,3030.49,151,0.4414,0,telefone
CLI-0330,68,2123.18,77,0.147,0,app
CLI-0331,24,4186.99,34,0.2584,0,app
CLI-0332,29,3401.74,101,0.4638,0,telefone
CLI-0333,19,2242.32,31,0.1453,1,agencia
CLI-0334,72,2070.6,130,0.2299,0,app
CLI-0335,65,3886.86,220,0.1465,0,app
CLI-0336,23,6021.56,206,0.0681,0,app
CLI-0337,23,4921.07,189,0.201,0,app
CLI-0338,56,4225.11,184,0.6059,1,app
CLI-0339,61,5596.4,98,0.3959,0,app
CLI-0340,27,4220.22,164,0.4746,0,app
CLI-0341,65,2753.25,160,0.3396,0,agencia
CLI-0342,44,6174.82,144,0.6046,0,app
CLI-0343,64,6477.69,143,0.3936,0,telefone
CLI-0344,47,2385.08,13,0.1193,0,agencia
CLI-0345,46,2979.35,152,0.6935,0,telefone
CLI-0346,49,2730.0,147,0.3516,0,app
CLI-0347,24,4260.59,148,0.3424,0,app
CLI-0348,39,4101.75,102,0.079,0,agencia
CLI-0349,43,5258.09,167,0.2146,0,app
CLI-0350,22,6380.7,68,0.6188,0,telefone
CLI-0351,50,5730.91,45,0.1048,0,agencia
CLI-0352,42,5827.76,83,0.4796,0,telefone
CLI-0353,64,1646.73,142,0.2142,0,agencia
CLI-0354,30,3846.14,174,0.8227,0,app
CLI-0355,35,6495.59,45,0.2559,0,telefone
CLI-0356,63,3211.76,43,0.4656,0,telefone
CLI-0357,64,4229.08,14,0.2225,0,app
CLI-0358,38,3811.86,11,0.1922,0,app
CLI-0359,66,3087.31,17,0.37,0,agencia
CLI-0360,38,2542.14,180,0.1314,0,app
CLI-0361,33,4709.12,87,0.5748,0,app
CLI-0362,22,3315.22,166,0.3592,0,app
CLI-0363,65,4188.11,11,0.5859,0,telefone
CLI-0364,38,5465.15,48,0.4168,0,agencia
CLI-0365,72,4219.7,237,0.5097,0,app
CLI-0366,55,6609.44,130,0.2486,0,app
CLI-0367,44,2773.29,144,0.3794,0,app
CLI-0368,60,2590.59,1,0.3599,0,app
CLI-0369,56,6210.15,161,0.251,0,app
CLI-0370,45,2690.42,227,0.2212,0,app
CLI-0371,44,5730.79,58,0.254,0,app
CLI-0372,59,3785.53,4,0.41,0,agencia
CLI-0373,63,3464.53,209,0.5742,0,app
CLI-0374,43,2220.91,227,0.4628,0,app
CLI-0375,38,9807.13,131,0.5284,0,app
CLI-0376,24,1850.25,4,0.6115,0,telefone
CLI-0377,59,2865.16,73,0.5091,0,telefone
CLI-0378,69,6165.17,69,0.2894,0,app
CLI-0379,34,6828.67,108,0.4522,0,app
CLI-0380,47,4237.25,197,0.4017,0,app
CLI-0381,21,2928.35,113,0.3098,0,app
CLI-0382,33,3060.11,66,0.2912,0,app
CLI-0383,39,2569.67,133,0.2422,0,app
CLI-0384,43,1189.71,74,0.1373,0,app
CLI-0385,60,4636.38,77,0.4692,1,app
CLI-0386,58,6667.16,91,0.7433,0,app
CLI-0387,35,4664.64,20,0.5841,0,app
CLI-0388,49,3126.2,161,0.2301,0,app
CLI-0389,57,2229.5,39,0.5125,0,app
CLI-0390,28,7481.21,24,0.2599,0,telefone
CLI-0391,53,2144.41,16,0.1222,0,agencia
CLI-0392,44,13630.25,126,0.4621,0,app
CLI-0393,26,1227.83,218,0.4726,0,app
CLI-0394,27,4637.74,221,0.4306,0,app
CLI-0395,43,4453.38,224,0.3487,0,agencia
CLI-0396,72,2629.54,178,0.2011,0,app
CLI-0397,55,4906.82,113,0.4562,0,app
CLI-0398,61,5008.9,67,0.3828,0,app
CLI-0399,53,1762.14,73,0.2735,0,app
CLI-0400,32,4209.21,161,0.5095,0,agencia
CLI-0401,20,9706.34,1,0.9047,0,agencia
CLI-0402,54,4407.71,207,0.4899,0,app
CLI-0403,21,2464.51,65,0.9223,1,app
CLI-0404,66,4760.83,54,0.2883,0,telefone
CLI-0405,66,3137.25,135,0.2926,0,app
CLI-0406,45,2845.39,157,0.1489,0,app
CLI-0407,70,5511.04,168,0.4044,0,telefone
CLI-0408,49,4183.88,101,0.3916,0,app
CLI-0409,37,3362.75,224,0.4701,0,telefone
CLI-0410,69,7271.58,65,0.3433,0,app
CLI-0411,47,2703.23,52,0.0876,0,app
CLI-0412,55,6017.43,143,0.3787,0,app
CLI-0413,29,9891.5,179,0.5126,0,app
CLI-0414,65,2816.22,219,0.2751,0,agencia
CLI-0415,49,3427.96,127,0.203,0,app
CLI-0416,64,3097.9,110,0.2617,0,app
CLI-0417,60,2824.75,129,0.3848,0,app
CLI-0418,27,4792.09,80,0.475,0,agencia
CLI-0419,40,2822.81,106,0.6354,1,app
CLI-0420,33,2694.15,230,0.5198,0,app
CLI-0421,72,3180.18,136,0.8022,0,app
CLI-0422,35,5688.45,171,0.2238,0,app
CLI-0423,55,2796.64,176,0.557,0,app
CLI-0424,42,11711.38,202,0.1803,0,agencia
CLI-0425,46,3039.84,218,0.5159,0,agencia
CLI-0426,63,3469.94,1,0.4362,0,telefone
CLI-0427,35,3237.59,172,0.6803,0,telefone
CLI-0428,61,2016.53,237,0.4001,0,app
CLI-0429,34,3620.17,48,0.5433,0,app
CLI-0430,25,4453.28,11,0.3683,0,app
CLI-0431,25,911.4,5,0.6447,0,app
CLI-0432,23,4858.46,13,0.3929,0,app
CLI-0433,70,3971.62,120,0.6423,0,telefone
CLI-0434,20,3428.09,34,0.2884,0,app
CLI-0435,69,4197.1,4,0.6283,0,app
CLI-0436,65,4687.08,67,0.4143,0,app
CLI-0437,40,5416.65,205,0.0902,0,app
CLI-0438,54,2325.46,97,0.0734,0,app
CLI-0439,63,2799.18,225,0.707,0,telefone
CLI-0440,42,2782.27,167,0.0534,0,app
CLI-0441,41,4030.79,200,0.4477,0,agencia
CLI-0442,40,4051.5,110,0.2761,0,app
CLI-0443,20,4663.71,123,0.5874,0,telefone
CLI-0444,47,4672.31,232,0.3949,0,app
CLI-0445,60,3345.31,187,0.719,0,agencia
CLI-0446,52,4116.64,2,0.4484,1,app
CLI-0447,48,8298.79,27,0.2687,0,app
CLI-0448,49,1960.07,5,0.2316,0,app
CLI-0449,64,2765.91,216,0.5779,0,app
CLI-0450,20,4291.18,144,0.3124,0,agencia
CLI-0451,58,3105.21,16,0.3412,0,app
CLI-0452,23,1651.66,188,0.2913,0,app
CLI-0453,46,8301.76,141,0.248,0,app
CLI-0454,19,2395.85,6,0.1667,0,telefone
CLI-0455,53,7985.98,87,0.501,0,app
CLI-0456,70,3201.57,195,0.7862,0,app
CLI-0457,64,2579.01,118,0.3652,1,app
CLI-0458,55,5990.79,213,0.4198,0,app
CLI-0459,30,1687.81,67,0.2869,0,app
CLI-0460,40,4062.55,92,0.0557,0,app
CLI-0461,25,1862.26,228,0.7,0,app
CLI-0462,52,5167.64,146,0.4232,0,agencia
CLI-0463,58,5677.94,48,0.3264,0,app
CLI-0464,53,4075.8,90,0.0576,0,app
CLI-0465,53,3494.3,236,0.5112,1,app
CLI-0466,67,10106.26,233,0.4304,0,agencia
CLI-0467,72,3922.62,165,0.2684,0,app
CLI-0468,58,2226.01,68,0.434,0,app
CLI-0469,37,4675.72,98,0.4308,0,agencia
CLI-0470,25,2657.5,180,0.5556,0,telefone
CLI-0471,51,3027.72,98,0.0863,0,telefone
CLI-0472,71,6598.74,85,0.4411,0,agencia
CLI-0473,46,2563.65,85,0.3136,0,app
CLI-0474,63,4200.55,83,0.2104,0,app
CLI-0475,68,1909.58,1,0.6779,0,app
CLI-0476,37,5991.06,160,0.2495,0,app
CLI-0477,51,5495.94,228,0.5001,0,app
CLI-0478,67,2653.71,77,0.0886,0,app
CLI-0479,58,1300.58,137,0.2167,0,app
CLI-0480,63,3103.03,100,0.344,0,app
CLI-0481,21,4221.71,116,0.2746,0,agencia
CLI-0482,72,1742.35,144,0.7169,1,telefone
CLI-0483,54,5814.72,164,0.1696,0,app
CLI-0484,71,4028.52,8,0.2219,0,app
CLI-0485,30,4579.61,63,0.3144,0,app
CLI-0486,23,2550.9,164,0.4244,0,app
CLI-0487,32,5071.14,121,0.6536,0,telefone
CLI-0488,49,10335.96,113,0.4988,0,telefone
CLI-0489,54,3305.83,218,0.3275,0,agencia
CLI-0490,43,4020.27,96,0.2024,0,telefone
CLI-0491,20,15143.1,86,0.2794,0,app
CLI-0492,27,3511.66,186,0.3735,0,telefone
CLI-0493,70,8741.61,57,0.265,0,app
CLI-0494,29,1834.15,133,0.3229,0,app
CLI-0495,50,1630.76,228,0.3205,0,app
CLI-0496,55,1996.44,99,0.0478,0,agencia
CLI-0497,23,3113.65,146,0.5638,0,app
CLI-0498,53,2292.99,64,0.7404,1,app
CLI-0499,71,2081.77,181,0.1578,0,app
CLI-0500,32,4715.01,235,0.3412,1,telefone
CLI-0501,45,3423.36,117,0.2444,0,app
CLI-0502,45,2861.1,190,0.2512,1,app
CLI-0503,68,5870.15,224,0.4652,0,app
CLI-0504,61,3491.95,90,0.462,0,telefone
CLI-0505,59,1606.28,90,0.5544,0,app
CLI-0506,21,11775.43,6,0.4239,0,agencia
CLI-0507,59,2628.03,162,0.5335,0,agencia
CLI-0508,63,1676.64,112,0.6725,1,app
CLI-0509,38,4741.0,70,0.5081,0,app
CLI-0510,52,1419.0,24,0.6567,0,app
CLI-0511,29,6011.02,138,0.4137,0,app
CLI-0512,53,2137.99,49,0.4185,0,agencia
CLI-0513,48,4191.5,180,0.2674,0,app
CLI-0514,28,4122.91,233,0.2669,0,app
CLI-0515,30,2501.82,26,0.1335,0,app
CLI-0516,56,4611.52,39,0.4007,0,agencia
CLI-0517,22,4890.67,55,0.1747,0,telefone
CLI-0518,70,3044.71,16,0.028,0,app
CLI-0519,72,12291.51,65,0.3747,0,app
CLI-0520,57,5611.5,234,0.3853,0,app
CLI-0521,23,3835.26,106,0.1752,0,app
CLI-0522,27,3474.84,236,0.4765,0,app
CLI-0523,38,3563.71,227,0.2121,0,app
CLI-0524,58,3246.07,114,0.7352,0,agencia
CLI-0525,35,2427.18,89,0.6189,0,app
CLI-0526,70,7715.27,63,0.187,0,telefone
CLI-0527,39,9633.4,77,0.308,0,agencia
CLI-0528,21,2941.36,198,0.3924,0,app
CLI-0529,50,3977.58,33,0.7018,0,telefone
CLI-0530,48,5053.59,111,0.2739,0,app
CLI-0531,66,3371.84,113,0.1472,0,app
CLI-0532,51,5203.5,229,0.3869,0,app
CLI-0533,30,4795.54,163,0.3437,0,app
CLI-0534,37,1555.56,203,0.2355,0,agencia
CLI-0535,23,3883.69,129,0.08,0,app
CLI-0536,55,2800.61,200,0.3823,0,telefone
CLI-0537,27,3400.97,54,0.5346,1,telefone
CLI-0538,52,10045.68,46,0.6901,0,app
CLI-0539,40,3361.33,131,0.0701,0,agencia
CLI-0540,63,5311.29,7,0.2393,0,app
CLI-0541,64,1128.05,98,0.5734,0,app
CLI-0542,34,3895.41,103,0.3345,0,agencia
CLI-0543,44,1818.69,40,0.5314,1,app
CLI-0544,31,4474.28,236,0.679,0,app
CLI-0545,56,6534.27,83,0.3894,0,agencia
CLI-0546,23,3191.59,148,0.483,0,app
CLI-0547,52,2926.11,60,0.6315,1,app
CLI-0548,59,11076.69,153,0.2565,0,agencia
CLI-0549,34,4200.27,209,0.1288,0,telefone
CLI-0550,54,5490.77,62,0.6479,0,agencia
CLI-0551,43,5926.89,206,0.2017,0,app
CLI-0552,61,8694.03,84,0.0751,0,app
CLI-0553,43,7567.42,178,0.6654,0,agencia
CLI-0554,32,5085.16,142,0.1968,0,telefone
CLI-0555,24,3952.11,7,0.1855,0,agencia
CLI-0556,57,4813.18,187,0.3777,0,app
CLI-0557,64,3679.95,23,0.808,0,app
CLI-0558,43,3562.14,79,0.3506,0,app
CLI-0559,67,8425.84,33,0.6797,0,agencia
CLI-0560,31,10541.98,210,0.2791,0,app
CLI-0561,58,1156.06,74,0.4846,0,app
CLI-0562,58,1769.21,65,0.6423,1,app
CLI-0563,53,1914.05,162,0.1391,1,agencia
CLI-0564,41,5012.89,189,0.5337,1,agencia
CLI-0565,39,3895.44,225,0.5273,0,agencia
CLI-0566,61,3554.41,17,0.3195,0,agencia
CLI-0567,66,2545.78,53,0.0985,0,app
CLI-0568,40,2272.13,18,0.3344,0,app
CLI-0569,48,6854.98,227,0.1517,0,app
CLI-0570,36,3442.16,40,0.1687,0,telefone
CLI-0571,72,3961.06,174,0.1533,0,app
CLI-0572,38,2693.38,237,0.1199,0,app
CLI-0573,55,6878.08,59,0.1709,0,agencia
CLI-0574,34,2946.29,122,0.1362,1,telefone
CLI-0575,61,6672.15,229,0.4551,0,app
CLI-0576,49,3840.69,160,0.718,1,app
CLI-0577,55,3161.48,7,0.5027,0,app
CLI-0578,49,2933.95,8,0.1807,0,app
CLI-0579,47,3936.2,69,0.3178,0,telefone
CLI-0580,50,4703.47,12,0.2436,0,app
CLI-0581,51,5668.29,181,0.3048,0,telefone
CLI-0582,44,6894.28,21,0.391,0,telefone
CLI-0583,28,4434.78,137,0.4459,0,app
CLI-0584,35,7819.61,222,0.288,0,app
CLI-0585,32,4541.91,221,0.4057,0,app
CLI-0586,47,4049.47,17,0.7702,1,app
CLI-0587,56,5569.74,48,0.1441,0,agencia
CLI-0588,26,2399.99,66,0.8643,1,app
CLI-0589,31,3743.47,120,0.3626,0,agencia
CLI-0590,62,3926.94,35,0.168,0,app
CLI-0591,69,2870.24,36,0.1959,0,app
CLI-0592,32,2861.38,5,0.1866,0,app
CLI-0593,27,2058.51,10,0.0538,0,telefone
CLI-0594,23,4862.01,164,0.6153,0,app
CLI-0595,34,1823.69,10,0.1655,0,app
CLI-0596,66,8298.3,104,0.1664,0,app
CLI-0597,46,4371.9,118,0.5957,1,app
CLI-0598,30,4414.53,30,0.3454,0,telefone
CLI-0599,69,3299.66,215,0.2668,0,agencia
CLI-0600,39,2762.39,39,0.1706,0,app
CLI-0601,65,1756.7,132,0.5948,0,app
CLI-0602,35,2267.51,77,0.3532,0,app
CLI-0603,64,3672.23,194,0.2453,0,app
CLI-0604,23,4994.73,61,0.384,0,telefone
CLI-0605,28,5053.17,132,0.4699,0,agencia
CLI-0606,38,2449.13,235,0.5307,0,app
CLI-0607,71,8605.51,111,0.5094,0,app
CLI-0608,55,5242.93,172,0.7475,0,telefone
CLI-0609,42,6937.82,64,0.3206,0,app
CLI-0610,39,1944.13,90,0.1312,0,app
CLI-0611,40,6839.55,118,0.5345,0,app
CLI-0612,32,3385.32,126,0.427,0,app
CLI-0613,38,3064.86,15,0.4429,0,app
CLI-0614,46,2665.56,213,0.1523,0,app
CLI-0615,30,7862.61,106,0.2424,0,agencia
CLI-0616,68,1856.78,89,0.3958,0,agencia
CLI-0617,63,2938.01,225,0.2625,0,app
CLI-0618,36,15068.1,1,0.2594,0,app
CLI-0619,61,1710.06,165,0.3245,0,app
CLI-0620,56,4903.93,23,0.4834,0,app
CLI-0621,51,7015.4,44,0.2218,0,app
CLI-0622,31,5878.46,91,0.3073,0,app
CLI-0623,19,3767.07,83,0.4958,0,app
CLI-0624,61,2908.01,125,0.312,1,app
CLI-0625,21,2383.54,78,0.6506,1,app
CLI-0626,65,3568.48,214,0.5452,0,app
CLI-0627,49,5145.49,207,0.3916,0,agencia
CLI-0628,53,4344.75,139,0.6108,0,app
CLI-0629,46,7879.37,169,0.3872,0,app
CLI-0630,32,6722.05,170,0.139,0,app
CLI-0631,51,7498.02,238,0.4675,0,app
CLI-0632,53,5348.59,28,0.1442,0,app
CLI-0633,69,4586.69,162,0.4142,0,app
CLI-0634,26,4840.59,131,0.441,0,app
CLI-0635,48,7047.65,4,0.4705,0,telefone
CLI-0636,32,5722.77,220,0.2736,0,app
CLI-0637,46,5221.05,82,0.7096,0,app
CLI-0638,56,2450.31,9,0.6573,0,app
CLI-0639,20,2494.42,91,0.2348,1,telefone
CLI-0640,62,3479.27,47,0.3735,1,agencia
CLI-0641,54,8421.16,164,0.0497,0,app
CLI-0642,43,3128.34,119,0.2552,0,agencia
CLI-0643,54,2072.26,187,0.4177,0,app
CLI-0644,40,8441.61,27,0.5711,0,app
CLI-0645,42,4135.11,112,0.2939,0,app
CLI-0646,65,4651.13,198,0.1395,0,telefone
CLI-0647,22,6249.43,62,0.0552,0,app
CLI-0648,71,6147.5,192,0.4708,1,agencia
CLI-0649,68,5427.15,151,0.3726,0,app
CLI-0650,65,1200.91,182,0.1838,0,telefone
CLI-0651,45,3402.29,20,0.243,0,telefone
CLI-0652,31,3872.84,154,0.09,0,app
CLI-0653,24,6245.81,39,0.1408,1,app
CLI-0654,40,3433.83,198,0.5459,0,app
CLI-0655,62,3977.16,28,0.3997,0,app
CLI-0656,25,9457.03,136,0.5401,0,app
CLI-0657,30,6062.71,154,0.4138,0,agencia
CLI-0658,28,3833.12,80,0.484,0,app
CLI-0659,59,3994.92,99,0.1852,0,app
CLI-0660,67,7453.55,55,0.2139,0,app
CLI-0661,36,3112.74,82,0.4551,0,app
CLI-0662,36,4918.04,19,0.7208,0,app
CLI-0663,46,2271.65,2,0.2107,0,app
CLI-0664,66,6692.41,57,0.6885,0,app
CLI-0665,59,3366.83,120,0.1954,0,app
CLI-0666,42,1752.11,132,0.3437,0,app
CLI-0667,57,3909.34,4,0.3276,0,app
CLI-0668,47,7713.45,35,0.1339,0,agencia
CLI-0669,44,1787.62,136,0.1921,0,agencia
CLI-0670,32,1369.81,111,0.2748,0,app
CLI-0671,24,3558.1,126,0.0479,0,app
CLI-0672,36,3473.05,11,0.2924,0,app
CLI-0673,50,2297.32,140,0.4112,1,app
CLI-0674,67,7151.16,238,0.466,0,app
CLI-0675,31,2150.72,80,0.3048,0,agencia
CLI-0676,62,2674.72,147,0.0539,0,app
CLI-0677,25,3234.83,45,0.1725,0,agencia
CLI-0678,19,2054.38,212,0.6771,0,telefone
CLI-0679,54,10786.06,165,0.5901,0,app
CLI-0680,62,3234.53,4,0.1317,0,app
CLI-0681,60,6827.81,166,0.2532,0,app
CLI-0682,46,4969.97,117,0.2235,0,app
CLI-0683,46,5344.59,192,0.2514,0,app
CLI-0684,71,7271.14,41,0.5261,0,app
CLI-0685,47,3891.18,88,0.5232,0,app
CLI-0686,49,3819.65,54,0.1326,0,telefone
CLI-0687,55,1983.66,11,0.3945,0,app
CLI-0688,42,2923.67,58,0.3258,0,agencia
CLI-0689,26,2951.56,84,0.1954,0,app
CLI-0690,51,3712.84,91,0.146,0,app
CLI-0691,46,5234.4,79,0.5877,0,app
CLI-0692,65,5139.85,121,0.747,0,agencia
CLI-0693,49,6228.45,73,0.3209,0,agencia
CLI-0694,71,3010.49,62,0.2771,0,agencia
CLI-0695,38,3807.62,115,0.4707,0,agencia
CLI-0696,20,4435.48,199,0.1708,0,app
CLI-0697,20,3832.15,41,0.5938,0,telefone
CLI-0698,68,4698.83,182,0.4806,1,agencia
CLI-0699,32,7841.12,10,0.5288,0,app
CLI-0700,23,3510.35,100,0.2663,0,app
CLI-0701,58,3301.67,81,0.2476,0,telefone
CLI-0702,36,3542.36,27,0.0604,0,app
CLI-0703,29,2447.58,43,0.6615,0,app
CLI-0704,68,2324.32,11,0.6878,0,agencia
CLI-0705,38,2340.3,175,0.1992,0,agencia
CLI-0706,66,14482.61,176,0.3786,0,app
CLI-0707,59,2108.33,199,0.1078,0,agencia
CLI-0708,20,3597.3,24,0.3054,0,app
CLI-0709,25,3942.19,3,0.2531,0,app
CLI-0710,22,6641.55,65,0.1559,0,app
CLI-0711,44,2688.39,183,0.7527,0,app
CLI-0712,61,3202.28,46,0.0406,0,app
CLI-0713,49,3146.23,45,0.6082,0,telefone
CLI-0714,20,7243.72,87,0.1871,0,app
CLI-0715,58,4001.85,108,0.1083,0,app
CLI-0716,45,4127.22,124,0.5467,0,app
CLI-0717,56,4775.75,166,0.7298,0,app
CLI-0718,71,2325.11,99,0.0331,0,agencia
CLI-0719,49,2622.04,148,0.3748,1,agencia
CLI-0720,71,3373.9,41,0.3593,0,app
CLI-0721,23,1685.08,164,0.4831,0,app
CLI-0722,52,1878.05,37,0.0762,0,app
CLI-0723,67,3342.1,208,0.3794,0,app
CLI-0724,60,7610.32,216,0.083,0,app
CLI-0725,66,3409.25,39,0.7338,0,app
CLI-0726,19,9421.61,236,0.6255,0,app
CLI-0727,55,3394.61,140,0.5566,1,app
CLI-0728,63,8497.62,13,0.7003,0,agencia
CLI-0729,62,1543.74,3,0.0338,0,app
CLI-0730,38,2502.6,197,0.6399,0,agencia
CLI-0731,32,2210.33,120,0.6075,0,agencia
CLI-0732,45,3772.97,150,0.5931,0,app
CLI-0733,29,5560.77,112,0.7512,0,app
CLI-0734,34,7409.78,189,0.3708,0,app
CLI-0735,45,8795.3,146,0.6415,0,app
CLI-0736,65,3047.01,120,0.0949,0,app
CLI-0737,22,6320.25,98,0.4707,0,app
CLI-0738,59,9267.94,187,0.2794,0,telefone
CLI-0739,19,3978.25,65,0.0516,0,app
CLI-0740,45,4788.25,222,0.1264,0,app
CLI-0741,46,4101.38,80,0.7589,1,app
CLI-0742,70,2564.29,162,0.4253,0,app
CLI-0743,59,4356.82,200,0.1191,0,telefone
CLI-0744,41,5454.67,159,0.4296,0,agencia
CLI-0745,53,4587.32,181,0.032,0,app
CLI-0746,34,10838.43,99,0.1808,0,telefone
CLI-0747,28,1879.14,61,0.2522,0,agencia
CLI-0748,62,3900.17,9,0.5954,0,app
CLI-0749,59,3742.02,120,0.1056,0,app
CLI-0750,64,6944.9,120,0.6214,0,app
CLI-0751,37,2212.57,188,0.1233,0,telefone
CLI-0752,71,1295.33,70,0.2565,0,agencia
CLI-0753,19,8280.77,210,0.5392,0,app
CLI-0754,42,4044.61,214,0.2586,0,agencia
CLI-0755,58,3192.36,23,0.8404,0,app
CLI-0756,28,2189.56,235,0.4732,0,app
CLI-0757,30,5470.92,43,0.3911,0,agencia
CLI-0758,24,4446.91,81,0.4956,0,agencia
CLI-0759,50,2400.79,146,0.277,0,app
CLI-0760,61,5679.37,188,0.0848,0,app
CLI-0761,30,4387.9,163,0.1608,0,app
CLI-0762,37,9881.25,233,0.3633,0,app
CLI-0763,71,2655.64,207,0.3048,0,agencia
CLI-0764,69,5380.13,63,0.328,0,telefone
CLI-0765,42,1883.39,228,0.218,0,app
CLI-0766,72,2941.33,166,0.1577,0,agencia
CLI-0767,61,1907.36,150,0.3201,0,agencia
CLI-0768,30,3018.02,188,0.3062,0,agencia
CLI-0769,26,2370.13,121,0.6206,0,agencia
CLI-0770,49,9961.85,197,0.285,0,agencia
CLI-0771,72,1782.87,61,0.6716,0,app
CLI-0772,32,2553.05,170,0.3758,0,app
CLI-0773,34,6424.93,85,0.3176,1,app
CLI-0774,38,6687.19,222,0.3265,0,agencia
CLI-0775,58,3110.0,95,0.3279,0,app
CLI-0776,31,3263.56,134,0.3087,1,app
CLI-0777,50,3388.59,58,0.1744,0,app
CLI-0778,66,6208.35,118,0.6485,0,app
CLI-0779,34,6338.43,227,0.7052,0,telefone
CLI-0780,55,4319.85,210,0.2893,0,app
CLI-0781,30,3731.08,39,0.1879,0,telefone
CLI-0782,20,2068.66,26,0.1634,0,telefone
CLI-0783,62,7921.87,214,0.8598,0,app
CLI-0784,39,2698.53,180,0.5136,0,app
CLI-0785,41,2442.26,67,0.0777,0,app
CLI-0786,21,3497.94,193,0.4003,0,telefone
CLI-0787,22,2494.76,235,0.3132,0,app
CLI-0788,46,5565.39,135,0.446,0,telefone
CLI-0789,25,4523.55,176,0.3865,0,app
CLI-0790,42,8168.39,160,0.099,0,agencia
CLI-0791,59,2774.02,46,0.5501,0,app
CLI-0792,67,5637.83,61,0.2977,0,app
CLI-0793,48,3670.51,2,0.3235,0,app
CLI-0794,62,1596.01,172,0.4835,0,app
CLI-0795,52,6314.8,171,0.3076,0,telefone
CLI-0796,21,4154.13,107,0.5485,0,app
CLI-0797,58,3805.74,146,0.4299,0,agencia
CLI-0798,35,3792.18,36,0.5065,0,app
CLI-0799,67,5992.09,31,0.4934,0,telefone
CLI-0800,49,1779.01,29,0.2699,0,app
CLI-0801,40,6858.7,59,0.2877,0,app
CLI-0802,47,6858.4,128,0.2809,0,app
CLI-0803,44,4305.99,83,0.1887,0,app
CLI-0804,57,2477.68,211,0.4096,0,app
CLI-0805,69,2927.85,240,0.0764,0,app
CLI-0806,60,1894.34,65,0.2932,0,app
CLI-0807,43,1674.11,3,0.6418,0,telefone
CLI-0808,28,6262.36,132,0.3781,0,app
CLI-0809,19,5204.14,6,0.2729,0,app
CLI-0810,31,3075.1,14,0.2665,0,agencia
CLI-0811,24,5192.82,6,0.4358,0,app
CLI-0812,43,7317.84,128,0.3754,0,app
CLI-0813,32,3552.48,42,0.0489,0,app
CLI-0814,25,2196.31,215,0.2468,0,telefone
CLI-0815,25,3519.88,219,0.2471,0,app
CLI-0816,49,3642.08,30,0.5038,0,app
CLI-0817,49,2584.87,12,0.3976,0,telefone
CLI-0818,23,6290.8,161,0.2707,0,app
CLI-0819,43,2826.78,228,0.676,0,app
CLI-0820,39,6329.76,210,0.2839,0,telefone
CLI-0821,21,3418.11,27,0.5502,0,app
CLI-0822,55,2385.48,69,0.3472,0,app
CLI-0823,68,2842.74,224,0.6235,0,agencia
CLI-0824,62,5137.9,25,0.3388,0,telefone
CLI-0825,61,4555.96,43,0.5847,0,telefone
CLI-0826,23,3380.2,127,0.8446,0,agencia
CLI-0827,50,5000.6,221,0.7776,0,app
CLI-0828,25,2619.47,227,0.2377,0,app
CLI-0829,35,6502.01,97,0.3891,0,app
CLI-0830,23,6032.26,33,0.386,0,telefone
CLI-0831,59,5729.31,64,0.2792,1,app
CLI-0832,24,3633.74,202,0.0917,0,app
CLI-0833,62,1732.35,3,0.2735,0,app
CLI-0834,67,4627.71,13,0.4699,0,app
CLI-0835,55,3632.32,206,0.3415,0,app
CLI-0836,47,3280.98,64,0.173,0,app
CLI-0837,61,4369.67,173,0.2891,0,app
CLI-0838,26,2370.2,15,0.2802,0,telefone
CLI-0839,71,9102.07,109,0.5037,0,telefone
CLI-0840,56,2808.16,142,0.1347,0,app
CLI-0841,46,5188.05,228,0.3756,0,app
CLI-0842,72,2626.68,33,0.1783,0,app
CLI-0843,31,9028.24,202,0.4178,0,app
CLI-0844,68,4274.17,158,0.5457,0,telefone
CLI-0845,51,3954.98,141,0.3776,0,telefone
CLI-0846,37,9078.78,97,0.346,0,telefone
CLI-0847,31,16868.67,94,0.2095,0,agencia
CLI-0848,62,3116.22,33,0.1183,0,telefone
CLI-0849,26,9490.53,157,0.2888,0,telefone
CLI-0850,35,4438.99,102,0.2564,0,app
CLI-0851,31,5105.45,55,0.0892,0,app
CLI-0852,21,8700.73,237,0.3193,0,app
CLI-0853,22,1540.96,228,0.5997,0,app
CLI-0854,52,2764.23,182,0.3173,0,app
CLI-0855,50,5251.38,138,0.531,0,agencia
CLI-0856,56,3266.07,237,0.5727,0,app
CLI-0857,55,4998.69,19,0.684,0,app
CLI-0858,47,3257.74,48,0.5782,0,app
CLI-0859,63,4369.48,209,0.1541,0,agencia
CLI-0860,22,5732.73,237,0.4232,0,app
CLI-0861,61,3290.52,46,0.6627,0,telefone
CLI-0862,61,5167.92,165,0.6653,0,telefone
CLI-0863,28,3663.63,94,0.1257,0,app
CLI-0864,27,8305.96,62,0.3387,0,telefone
CLI-0865,25,5441.96,221,0.3497,0,telefone
CLI-0866,66,3929.74,235,0.4815,0,app
CLI-0867,33,11381.89,124,0.3156,0,app
CLI-0868,55,1709.41,109,0.6088,0,app
CLI-0869,59,4173.59,9,0.1234,0,app
CLI-0870,36,1763.2,2,0.4813,0,app
CLI-0871,51,2457.47,70,0.2159,0,app
CLI-0872,66,1569.43,41,0.4565,0,app
CLI-0873,33,2857.55,62,0.5125,0,app
CLI-0874,31,3646.57,83,0.1383,0,app
CLI-0875,69,1924.7,186,0.337,0,telefone
CLI-0876,72,9945.3,106,0.5904,0,app
CLI-0877,53,1779.0,162,0.2438,0,app
CLI-0878,66,3263.92,218,0.2989,0,app
CLI-0879,51,4418.83,118,0.5486,0,app
CLI-0880,21,4663.17,45,0.1061,0,agencia
CLI-0881,46,5293.14,79,0.4551,0,app
CLI-0882,20,3360.49,119,0.258,0,agencia
CLI-0883,60,3109.51,76,0.5449,0,agencia
CLI-0884,30,4721.33,8,0.3149,0,app
CLI-0885,33,4897.41,206,0.1555,0,app
CLI-0886,46,3313.49,73,0.3758,0,agencia
CLI-0887,59,993.73,3,0.6254,0,app
CLI-0888,67,2598.05,69,0.1645,0,app
CLI-0889,62,5751.06,144,0.2421,0,app
CLI-0890,46,1741.26,144,0.0272,0,agencia
CLI-0891,67,1108.18,156,0.0715,0,app
CLI-0892,24,4891.73,214,0.3329,0,app
CLI-0893,43,5511.96,119,0.1135,0,telefone
CLI-0894,56,4169.08,222,0.5834,1,app
CLI-0895,57,7412.83,180,0.2341,0,agencia
CLI-0896,47,2555.17,78,0.4741,0,agencia
CLI-0897,52,2890.25,181,0.4057,0,app
CLI-0898,65,6701.11,74,0.7045,0,app
CLI-0899,55,2818.04,145,0.45,0,app
CLI-0900,34,6355.51,202,0.4692,0,app
